id,count,code,titel,kurzinfo,signal,erf_date,mut_date,mean_sterne,count_mut,meldung_ids
147,2,F-2021-295,Plant-based substitutes - nutrients,"Milk is the main source of iodine in the UK; however, the consumption and popularity of plant-based milk alternatives is increasing. Consumers may be at risk of iodine deficiency as milk alternatives, unless fortified, have low iodine concentrations.Agroscope has also conducted a study on the nutritional quality of plant-based beverages. This revealed major differences in macro- and micronutrient composition compared to cow's milk. Many of the milk alternatives are therefore fortified with micronutrients.",False,2021-07-20T00:00:00,2024-02-26T08:33:16,2.0,10.0,"[3000, 3018]"
36,2,F-2019-056,Climate change and its impact on food safety,"Climate change is likely to have a considerable impact on food safety, both direct and indirect, putting public health at risk. With changing rainfall patterns and increases in extreme weather conditions and the annual average temperature, we will begin to face the impacts of climate change. These impacts will affect the persistence and occurrence of bacteria, viruses, parasites, harmful algae, fungi and their vectors, and the patterns of their corresponding food-borne diseases and risk of toxic contamination. Alongside these impacts, chemical residues of pesticides and veterinary medicines in plant and animal products will be affected by changes in pest pressure. The risk of food contamination with heavy metals and persistent organic pollutants following changes in crop varieties cultivated, cultivation methods, soils, redistribution of sediments and long-range atmospheric transport, is increased because of climate change. Climate-sensitive risk factors and illnesses will be among the largest contributors to the global burden of food-related disease and mortality, including malnutrition, communicable, non-communicable, and diarrheal- and vector-borne diseases.",False,2019-03-05T00:00:00,2026-10-08T12:23:40,1.0,55.0,"[3014, 3003]"
234,1,F-2023-017,PFAS in water and soils,"During the last 20 years, guideline values for Per- and polyfluoroalkyl substances (PFAS) in drinking water, surface waters, and soils have decreased dramatically due to new insights into their toxicity. As a result, levels in environmental media are now ubiquitously above guideline levels.",False,2023-03-15T08:32:44,2026-03-25T07:20:57,1.0,36.0,[3009]
25,1,F-2019-045,Insects for human consumption,The microbiological safety of insects approved for consumption is the subject of various studies. These products are relatively new on the market and corresponding experience is lacking.,False,2019-01-31T00:00:00,2025-07-07T06:37:16,1.0,27.0,[3009]
11,1,F-2018-027,Vibrio spp. in seafood,"V. vulnificus and V. parahaemolyticus are marine bacterial microorganisms that can occur in seawater, especially at warmer temperatures. They are the main cause of bacterial diseases caused by seafood. These pathogens are regularly detected in the USA and Asia. In Europe, the pathogen is hardly ever found. There are fears that these pathogens will become increasingly important as the oceans warm up. The severity of the diseases caused by V. vulnificus can be described as very severe. According to literature, the lethality rate is over 50% after infection. This makes it one of the most serious pathogens in terms of lethality in the area of food-borne diseases. The FDA regulation expresses this with a zero tolerance. In the EU and Switzerland, there is no regulation of this pathogen. In addition, various publications report the multiple development of antibiotic resistance in these pathogens, caused by the use of antibiotics in aquacultures. Environmental and patient isolates show similar resistance profiles. These included resistance to ampicillin, penicillin and tetracycline. HorizonScan: Since 1999, 250 reports of Vibrio spp. in shrimp have been recorded.",True,2018-12-20T00:00:00,2026-01-21T07:18:10,1.0,55.0,[3013]
10,1,F-2018-026,Shiga toxin-producing E. coli in flour,"STEC from different types of flour have caused epidemics in CAN (O121) and the USA (O121, O26). Several  product recalls were issued in the USA. Based on the publication by Mäde et al. (2017), investigations were also carried out at the FSVO which confirmed the findings (detection of STEC in types of flour).",True,2018-04-13T00:00:00,2024-01-19T07:25:05,2.0,18.0,[3015]
43,1,F-2019-063,Hepatitis E virus (HEV),"Hepatitis E virus (HEV) is an important human infection in the EU/EEA countries and, according to EFSA, more than 21,000 acute clinical cases with 28 deaths have been reported in the last 10 years, with a tenfold increase in the total number of HEV cases reported; the majority (80%) of cases were reported in France, Germany and the UK. However, as human infections are not notifiable in all Member States and surveillance varies from country to country, the number of reported cases is not comparable and the actual number of cases may be higher. Food-borne transmissions of HEV appear to be one of the main routes in Europe; pigs and wild boar are the main source of HEV, but deer may also be infected. There is a particular risk related to the consumption of pig liver and raw meat products. Recently, HEV has been detected in shellfish and their production environment (seawater) in Italy. HEV can also enter food through faecal contamination. Outbreaks and sporadic cases have been identified in immunocompetent individuals as well as in recognised risk groups, such as those with pre-existing liver damage, immunosuppressive diseases or immunosuppressive treatments.",True,2019-05-10T00:00:00,2026-04-14T07:18:33,1.0,40.0,[3017]
34,1,F-2018-054,Mycotoxins in foods,"Mycotoxins are metabolites formed from certain moulds. Mould – and hence mycotoxins – can form on vulnerable foods in warm and humid conditions, either whilst crops are still growing or post-harvest during storage, drying and transport. Most mycotoxins have toxic effects in humans, and some of the better characterised mycotoxins have regulatory limits in food. Certain foods are at particular risk. These include nuts and peanuts (primarily for aflatoxins) and raisins (primarily for ochratoxin A). Horizon Scan (a non-public database) has compiled a list of the most important products and has noted an increase in recalls. These findings are also supported by other stakeholders across the food chain (e.g., Biomin World Mycotoxin Survey 2018).",True,2018-12-11T00:00:00,2026-02-17T08:01:32,2.0,65.0,[3012]
30,1,F-2019-050,Microalgae as food,"Algae have great potential as a new food source. They grow quickly, can be produced in a water-saving way and do not require fertile soil. They are rich in protein, high in omega-3 fatty acids and contain essential vitamins and minerals. They could one day replace meat and fish. Currently, chlorella and spirulina are the main food supplements on the market.",False,2019-02-22T00:00:00,2024-02-29T08:17:23,1.0,5.0,[3010]
8,1,F-2018-024,Microplastics,"Microplastics are ubiquitous in various bodies of water. It is estimated that 4.8-12.7 million tonnes of plastic entered the oceans in 2010. Plastic pollution is classified as an emerging risk and poses a global threat to marine ecosystems. Various studies (and subsequent media reports) report contamination of microplastics in table salt and drinking water. The amounts vary, but there is agreement that microplastics are found in table salt in different countries. Inorganic and organic particles can adhere to microplastics, which are then absorbed by the human body through consumption of contaminated salt. In addition, various types of plastic contain plasticisers, which can have a negative impact on health.",True,2018-09-25T00:00:00,2026-03-04T07:58:33,1.0,69.0,[2998]
31,1,F-2019-051,Campylobacter - roles of flies in transmission,"Campylobateriosis is the most common food-associated disease, not only in Switzerland but worldwide. The number of campylobaterioses is around 7,000 cases per year. The sum of Disability Adjusted Life Years (DALY) is estimated at over 1 million worldwide. With climate change, Canadian researchers predict that the incidence will double by 2080, due to an increase in fly populations that are likely to develop as a result of the warmer climate. Although the transmission of Campylobacter is not fully understood in all its details, domestic flies do not play a  insignificant role in the transmission of Campylobacter in reservoirs. Cousins et al. (2019) have investigated the role of flies in Campylobacteriosis. When temperatures rise, the number of flies increases and the incidence of campylobacteriosis rises at the same rate.",False,2019-02-25T00:00:00,2023-10-26T07:35:31,2.0,8.0,[3002]
51,1,F-2019-083,Surrogate meat and meat alternatives,"The consumption of meat is coming under heightened pressure, be that for religious, environmental or health reasons. Numerous publications have appeared on this topic. But what does this mean in terms of opportunities and risks in terms of food safety?Alternative protein sources, mostly not animal-based, are an upward trend. Increasing interest in vegetarian or vegan diets is only one reason for this development, concerns about the environmental and climate impacts of animal agriculture, as well as the question of how to feed a growing world population in the future, also support the search for alternative protein sources. Here are some examples: Moringa tree: a Thurgau-based company wants to extract protein from the leaves of the Moringa tree and use it for the food and feed industry. Interview in the Tagblatt. (April 2020). Algae directly consumed and processed. Insects directly consumed and processed. Fermentation: see ADURA ID 129 'Animal-free food'.",True,2019-05-27T00:00:00,2026-01-08T08:03:47,1.0,114.0,[3011]
263,1,F-2024-011,"Salmonella Infantis, an emerging human multidrug-resistant pathogen","Salmonella enterica serovar Infantis is a concerning human pathogen due to its widespread presence and high levels of antimicrobial resistance. A study analyzing strains from 74 countries found that a high percentage of poultry isolates exhibited multidrug resistance, attributed to the presence of the pESI megaplasmid. This highlights the potential for transmission of multidrug-resistant strains from poultry to humans, emphasizing the need for surveillance and control measures.",False,2024-03-14T08:26:04,2024-03-15T10:20:57,1.0,8.0,[3019]
