matrix_id,Cambiamento climatico,Innovazioni tecnologiche e progressi scientifici,Microbiomi e sicurezza alimentare,Nuovi alimenti e sistemi di produzione alimentare,Comportamento dei consumatori e tendenze di consumo,Evoluzione microbica e resistenza agli antibiotici,Società,Ecologia,Economia,Politica
1,0,0,0,0,4,0,0,0,0,0
3,0,1,0,0,0,0,0,0,0,0
6,0,0,0,0,1,0,1,0,0,0
8,0,0,0,0,1,0,1,0,0,0
14,0,0,0,1,0,0,1,0,0,0
18,2,4,1,1,11,1,5,1,1,1
34,0,1,0,0,0,0,0,0,0,0
49,0,0,0,0,1,0,1,0,0,0
56,0,0,0,0,1,0,0,0,0,0
58,0,0,0,0,2,0,0,0,0,0
73,0,0,0,0,1,0,0,0,0,0
80,0,0,0,0,2,0,0,0,0,0
81,0,0,0,0,1,0,0,0,0,0
98,0,0,0,0,1,0,0,0,0,0
99,0,0,0,0,1,0,0,0,0,0
148,0,0,0,0,1,0,0,0,0,0
