Year,Category,Species,Category of use,Prescription type,Treatment days,Treatment days with critical antibiotics,Treatment days per 1000,Critical treatment days per 1000,Total animal numbers across production cycles
2021,All animals,All species,All categories of use,All prescription types,60911380,27571033,20006.68,3313.43,98350299
2021,All animals,All species,Rearing laying hens and parent birds,All prescription types,3031266,1508204,775.68,385.94,3907872
2021,All animals,All species,Equids,All prescription types,77026,3096,681.98,27.41,112945
2021,All animals,All species,Game animals,All prescription types,121,17,8.06,1.13,15009
2021,All animals,All species,Dogs,All prescription types,1377353,213622,2553.42,396.03,539414
2021,All animals,All species,Camelids,All prescription types,2803,658,308.97,72.53,9072
2021,All animals,All species,Rabbits,All prescription types,1719707,59683,6014.54,208.74,285925
2021,All animals,All species,Cats,All prescription types,2319905,1294791,1297.46,724.14,1788036
2021,All animals,All species,Laying and parent birds,All prescription types,511379,31266,1244.36,76.08,410958
2021,All animals,All species,Laying hens,All prescription types,1611021,102849,445.48,28.44,3616369
2021,All animals,All species,Fattening broilers,All prescription types,44262898,23292617,568.13,298.97,77910482
2021,All animals,All species,Fattening pigs and giltsm,All prescription types,798034,102801,317.07,40.84,2516871
2021,All animals,All species,Fattening turkeys,All prescription types,37831,6728,94.78,16.86,399164
2021,All animals,All species,Dairy cows,All prescription types,764836,76057,1438.72,143.07,531607
2021,All animals,All species,Suckler cows,All prescription types,48092,3321,209.15,14.44,229936
2021,All animals,All species,Cattle rearing and fattening,All prescription types,2729931,643966,2733.17,644.73,998814
2021,All animals,All species,Suckling and weaned piglets,All prescription types,1512079,214840,335.07,47.61,4512696
2021,All animals,All species,Sheep,All prescription types,42768,3812,100.21,8.93,426770
2021,All animals,All species,Goats,All prescription types,52603,10241,483.38,94.11,108824
2021,All animals,All species,Breeding sows and boars,All prescription types,11727,2464,397.05,83.43,29535
2021,All animals,Equids,All categories of use,All prescription types,77026,3096,681.98,27.41,112945
2021,All animals,Equids,Equids,All prescription types,77026,3096,681.98,27.41,112945
2021,All animals,Poultry,All categories of use,All prescription types,49454395,24941664,3128.43,806.29,86244845
2021,All animals,Poultry,Rearing laying hens and parent birds,All prescription types,3031266,1508204,775.68,385.94,3907872
2021,All animals,Poultry,Laying and parent birds,All prescription types,511379,31266,1244.36,76.08,410958
2021,All animals,Poultry,Laying hens,All prescription types,1611021,102849,445.48,28.44,3616369
2021,All animals,Poultry,Fattening broilers,All prescription types,44262898,23292617,568.13,298.97,77910482
2021,All animals,Poultry,Fattening turkeys,All prescription types,37831,6728,94.78,16.86,399164
2021,All animals,Game animals,All categories of use,All prescription types,121,17,8.06,1.13,15009
2021,All animals,Game animals,Game animals,All prescription types,121,17,8.06,1.13,15009
2021,All animals,Dogs,All categories of use,All prescription types,1377353,213622,2553.42,396.03,539414
2021,All animals,Dogs,Dogs,All prescription types,1377353,213622,2553.42,396.03,539414
2021,All animals,Camelids,All categories of use,All prescription types,2803,658,308.97,72.53,9072
2021,All animals,Camelids,Camelids,All prescription types,2803,658,308.97,72.53,9072
2021,All animals,Rabbits,All categories of use,All prescription types,1719707,59683,6014.54,208.74,285925
2021,All animals,Rabbits,Rabbits,All prescription types,1719707,59683,6014.54,208.74,285925
2021,All animals,Cats,All categories of use,All prescription types,2319905,1294791,1297.46,724.14,1788036
2021,All animals,Cats,Cats,All prescription types,2319905,1294791,1297.46,724.14,1788036
2021,All animals,Cattle,All categories of use,All prescription types,3542859,723344,4381.04,802.24,1760357
2021,All animals,Cattle,Dairy cows,All prescription types,764836,76057,1438.72,143.07,531607
2021,All animals,Cattle,Suckler cows,All prescription types,48092,3321,209.15,14.44,229936
2021,All animals,Cattle,Cattle rearing and fattening,All prescription types,2729931,643966,2733.17,644.73,998814
2021,All animals,Sheep,All categories of use,All prescription types,42768,3812,100.21,8.93,426770
2021,All animals,Sheep,Sheep,All prescription types,42768,3812,100.21,8.93,426770
2021,All animals,Pigs,All categories of use,All prescription types,2321840,320105,1049.19,171.88,7059102
2021,All animals,Pigs,Fattening pigs and giltsm,All prescription types,798034,102801,317.07,40.84,2516871
2021,All animals,Pigs,Suckling and weaned piglets,All prescription types,1512079,214840,335.07,47.61,4512696
2021,All animals,Pigs,Breeding sows and boars,All prescription types,11727,2464,397.05,83.43,29535
2021,All animals,Goats,All categories of use,All prescription types,52603,10241,483.38,94.11,108824
2021,All animals,Goats,Goats,All prescription types,52603,10241,483.38,94.11,108824
2021,Pets,All species,All categories of use,All prescription types,3774284,1511509,4532.86,1147.58,2440395
2021,Pets,All species,Equids,All prescription types,77026,3096,681.98,27.41,112945
2021,Pets,All species,Dogs,All prescription types,1377353,213622,2553.42,396.03,539414
2021,Pets,All species,Cats,All prescription types,2319905,1294791,1297.46,724.14,1788036
2021,Pets,Equids,All categories of use,All prescription types,77026,3096,681.98,27.41,112945
2021,Pets,Equids,Equids,All prescription types,77026,3096,681.98,27.41,112945
2021,Pets,Dogs,All categories of use,All prescription types,1377353,213622,2553.42,396.03,539414
2021,Pets,Dogs,Dogs,All prescription types,1377353,213622,2553.42,396.03,539414
2021,Pets,Cats,All categories of use,All prescription types,2319905,1294791,1297.46,724.14,1788036
2021,Pets,Cats,Cats,All prescription types,2319905,1294791,1297.46,724.14,1788036
2021,Farm animals,All species,All categories of use,All prescription types,57137096,26059524,15473.82,2165.85,95909904
2021,Farm animals,All species,Rearing laying hens and parent birds,All prescription types,3031266,1508204,775.68,385.94,3907872
2021,Farm animals,All species,Game animals,All prescription types,121,17,8.06,1.13,15009
2021,Farm animals,All species,Camelids,All prescription types,2803,658,308.97,72.53,9072
2021,Farm animals,All species,Rabbits,All prescription types,1719707,59683,6014.54,208.74,285925
2021,Farm animals,All species,Laying and parent birds,All prescription types,511379,31266,1244.36,76.08,410958
2021,Farm animals,All species,Laying hens,All prescription types,1611021,102849,445.48,28.44,3616369
2021,Farm animals,All species,Fattening broilers,All prescription types,44262898,23292617,568.13,298.97,77910482
2021,Farm animals,All species,Fattening pigs and giltsm,All prescription types,798034,102801,317.07,40.84,2516871
2021,Farm animals,All species,Fattening turkeys,All prescription types,37831,6728,94.78,16.86,399164
2021,Farm animals,All species,Dairy cows,All prescription types,764836,76057,1438.72,143.07,531607
2021,Farm animals,All species,Suckler cows,All prescription types,48092,3321,209.15,14.44,229936
2021,Farm animals,All species,Cattle rearing and fattening,All prescription types,2729931,643966,2733.17,644.73,998814
2021,Farm animals,All species,Suckling and weaned piglets,All prescription types,1512079,214840,335.07,47.61,4512696
2021,Farm animals,All species,Sheep,All prescription types,42768,3812,100.21,8.93,426770
2021,Farm animals,All species,Goats,All prescription types,52603,10241,483.38,94.11,108824
2021,Farm animals,All species,Breeding sows and boars,All prescription types,11727,2464,397.05,83.43,29535
2021,Farm animals,Poultry,All categories of use,All prescription types,49454395,24941664,3128.43,806.29,86244845
2021,Farm animals,Poultry,Rearing laying hens and parent birds,All prescription types,3031266,1508204,775.68,385.94,3907872
2021,Farm animals,Poultry,Laying and parent birds,All prescription types,511379,31266,1244.36,76.08,410958
2021,Farm animals,Poultry,Laying hens,All prescription types,1611021,102849,445.48,28.44,3616369
2021,Farm animals,Poultry,Fattening broilers,All prescription types,44262898,23292617,568.13,298.97,77910482
2021,Farm animals,Poultry,Fattening turkeys,All prescription types,37831,6728,94.78,16.86,399164
2021,Farm animals,Game animals,All categories of use,All prescription types,121,17,8.06,1.13,15009
2021,Farm animals,Game animals,Game animals,All prescription types,121,17,8.06,1.13,15009
2021,Farm animals,Camelids,All categories of use,All prescription types,2803,658,308.97,72.53,9072
2021,Farm animals,Camelids,Camelids,All prescription types,2803,658,308.97,72.53,9072
2021,Farm animals,Rabbits,All categories of use,All prescription types,1719707,59683,6014.54,208.74,285925
2021,Farm animals,Rabbits,Rabbits,All prescription types,1719707,59683,6014.54,208.74,285925
2021,Farm animals,Cattle,All categories of use,All prescription types,3542859,723344,4381.04,802.24,1760357
2021,Farm animals,Cattle,Dairy cows,All prescription types,764836,76057,1438.72,143.07,531607
2021,Farm animals,Cattle,Suckler cows,All prescription types,48092,3321,209.15,14.44,229936
2021,Farm animals,Cattle,Cattle rearing and fattening,All prescription types,2729931,643966,2733.17,644.73,998814
2021,Farm animals,Sheep,All categories of use,All prescription types,42768,3812,100.21,8.93,426770
2021,Farm animals,Sheep,Sheep,All prescription types,42768,3812,100.21,8.93,426770
2021,Farm animals,Pigs,All categories of use,All prescription types,2321840,320105,1049.19,171.88,7059102
2021,Farm animals,Pigs,Fattening pigs and giltsm,All prescription types,798034,102801,317.07,40.84,2516871
2021,Farm animals,Pigs,Suckling and weaned piglets,All prescription types,1512079,214840,335.07,47.61,4512696
2021,Farm animals,Pigs,Breeding sows and boars,All prescription types,11727,2464,397.05,83.43,29535
2021,Farm animals,Goats,All categories of use,All prescription types,52603,10241,483.38,94.11,108824
2021,Farm animals,Goats,Goats,All prescription types,52603,10241,483.38,94.11,108824
2022,All animals,All species,All categories of use,All prescription types,50474447,10678061,21188.22,2642.1,104123881
2022,All animals,All species,Rearing laying hens and parent birds,All prescription types,2823270,1302296,751.97,346.86,3754481
2022,All animals,All species,Equids,All prescription types,79426,2906,701.29,25.66,113257
2022,All animals,All species,Game animals,All prescription types,86,13,5.8,0.88,14830
2022,All animals,All species,Dogs,All prescription types,1312680,195032,2374.68,352.82,552781
2022,All animals,All species,Camelids,All prescription types,3145,1086,336.51,116.2,9346
2022,All animals,All species,Rabbits,All prescription types,1774167,11397,6783.93,43.58,261525
2022,All animals,All species,Cats,All prescription types,2203685,1234007,1188.77,665.68,1853759
2022,All animals,All species,Laying and parent birds,All prescription types,764379,15137,1840.58,36.45,415292
2022,All animals,All species,Laying hens,All prescription types,1791951,67158,502.41,18.83,3566711
2022,All animals,All species,Fattening broilers,All prescription types,34373927,7056287,409.66,84.09,83908974
2022,All animals,All species,Fattening pigs and giltsm,All prescription types,516282,40696,209.19,16.49,2467959
2022,All animals,All species,Fattening turkeys,All prescription types,85401,6000,205.92,14.47,414732
2022,All animals,All species,Dairy cows,All prescription types,802624,73672,1517.44,139.28,528934
2022,All animals,All species,Suckler cows,All prescription types,51155,3511,221.13,15.18,231333
2022,All animals,All species,Cattle rearing and fattening,All prescription types,2760080,521237,2716.04,512.92,1016215
2022,All animals,All species,Suckling and weaned piglets,All prescription types,1010115,125733,227.47,28.31,4440736
2022,All animals,All species,Sheep,All prescription types,43493,3837,100.13,8.83,434370
2022,All animals,All species,Goats,All prescription types,63902,16071,580.12,145.9,110153
2022,All animals,All species,Breeding sows and boars,All prescription types,14679,1985,515.18,69.67,28493
2022,All animals,Equids,All categories of use,All prescription types,79426,2906,701.29,25.66,113257
2022,All animals,Equids,Equids,All prescription types,79426,2906,701.29,25.66,113257
2022,All animals,Poultry,All categories of use,All prescription types,39838928,8446878,3710.54,500.7,92060190
2022,All animals,Poultry,Rearing laying hens and parent birds,All prescription types,2823270,1302296,751.97,346.86,3754481
2022,All animals,Poultry,Laying and parent birds,All prescription types,764379,15137,1840.58,36.45,415292
2022,All animals,Poultry,Laying hens,All prescription types,1791951,67158,502.41,18.83,3566711
2022,All animals,Poultry,Fattening broilers,All prescription types,34373927,7056287,409.66,84.09,83908974
2022,All animals,Poultry,Fattening turkeys,All prescription types,85401,6000,205.92,14.47,414732
2022,All animals,Game animals,All categories of use,All prescription types,86,13,5.8,0.88,14830
2022,All animals,Game animals,Game animals,All prescription types,86,13,5.8,0.88,14830
2022,All animals,Dogs,All categories of use,All prescription types,1312680,195032,2374.68,352.82,552781
2022,All animals,Dogs,Dogs,All prescription types,1312680,195032,2374.68,352.82,552781
2022,All animals,Camelids,All categories of use,All prescription types,3145,1086,336.51,116.2,9346
2022,All animals,Camelids,Camelids,All prescription types,3145,1086,336.51,116.2,9346
2022,All animals,Rabbits,All categories of use,All prescription types,1774167,11397,6783.93,43.58,261525
2022,All animals,Rabbits,Rabbits,All prescription types,1774167,11397,6783.93,43.58,261525
2022,All animals,Cats,All categories of use,All prescription types,2203685,1234007,1188.77,665.68,1853759
2022,All animals,Cats,Cats,All prescription types,2203685,1234007,1188.77,665.68,1853759
2022,All animals,Cattle,All categories of use,All prescription types,3613859,598420,4454.61,667.38,1776482
2022,All animals,Cattle,Dairy cows,All prescription types,802624,73672,1517.44,139.28,528934
2022,All animals,Cattle,Suckler cows,All prescription types,51155,3511,221.13,15.18,231333
2022,All animals,Cattle,Cattle rearing and fattening,All prescription types,2760080,521237,2716.04,512.92,1016215
2022,All animals,Sheep,All categories of use,All prescription types,43493,3837,100.13,8.83,434370
2022,All animals,Sheep,Sheep,All prescription types,43493,3837,100.13,8.83,434370
2022,All animals,Pigs,All categories of use,All prescription types,1541076,168414,951.84,114.47,6937188
2022,All animals,Pigs,Fattening pigs and giltsm,All prescription types,516282,40696,209.19,16.49,2467959
2022,All animals,Pigs,Suckling and weaned piglets,All prescription types,1010115,125733,227.47,28.31,4440736
2022,All animals,Pigs,Breeding sows and boars,All prescription types,14679,1985,515.18,69.67,28493
2022,All animals,Goats,All categories of use,All prescription types,63902,16071,580.12,145.9,110153
2022,All animals,Goats,Goats,All prescription types,63902,16071,580.12,145.9,110153
2022,Pets,All species,All categories of use,All prescription types,3595791,1431945,4264.74,1044.16,2519797
2022,Pets,All species,Equids,All prescription types,79426,2906,701.29,25.66,113257
2022,Pets,All species,Dogs,All prescription types,1312680,195032,2374.68,352.82,552781
2022,Pets,All species,Cats,All prescription types,2203685,1234007,1188.77,665.68,1853759
2022,Pets,Equids,All categories of use,All prescription types,79426,2906,701.29,25.66,113257
2022,Pets,Equids,Equids,All prescription types,79426,2906,701.29,25.66,113257
2022,Pets,Dogs,All categories of use,All prescription types,1312680,195032,2374.68,352.82,552781
2022,Pets,Dogs,Dogs,All prescription types,1312680,195032,2374.68,352.82,552781
2022,Pets,Cats,All categories of use,All prescription types,2203685,1234007,1188.77,665.68,1853759
2022,Pets,Cats,Cats,All prescription types,2203685,1234007,1188.77,665.68,1853759
2022,Farm animals,All species,All categories of use,All prescription types,46878656,9246116,16923.48,1597.94,101604084
2022,Farm animals,All species,Rearing laying hens and parent birds,All prescription types,2823270,1302296,751.97,346.86,3754481
2022,Farm animals,All species,Game animals,All prescription types,86,13,5.8,0.88,14830
2022,Farm animals,All species,Camelids,All prescription types,3145,1086,336.51,116.2,9346
2022,Farm animals,All species,Rabbits,All prescription types,1774167,11397,6783.93,43.58,261525
2022,Farm animals,All species,Laying and parent birds,All prescription types,764379,15137,1840.58,36.45,415292
2022,Farm animals,All species,Laying hens,All prescription types,1791951,67158,502.41,18.83,3566711
2022,Farm animals,All species,Fattening broilers,All prescription types,34373927,7056287,409.66,84.09,83908974
2022,Farm animals,All species,Fattening pigs and giltsm,All prescription types,516282,40696,209.19,16.49,2467959
2022,Farm animals,All species,Fattening turkeys,All prescription types,85401,6000,205.92,14.47,414732
2022,Farm animals,All species,Dairy cows,All prescription types,802624,73672,1517.44,139.28,528934
2022,Farm animals,All species,Suckler cows,All prescription types,51155,3511,221.13,15.18,231333
2022,Farm animals,All species,Cattle rearing and fattening,All prescription types,2760080,521237,2716.04,512.92,1016215
2022,Farm animals,All species,Suckling and weaned piglets,All prescription types,1010115,125733,227.47,28.31,4440736
2022,Farm animals,All species,Sheep,All prescription types,43493,3837,100.13,8.83,434370
2022,Farm animals,All species,Goats,All prescription types,63902,16071,580.12,145.9,110153
2022,Farm animals,All species,Breeding sows and boars,All prescription types,14679,1985,515.18,69.67,28493
2022,Farm animals,Poultry,All categories of use,All prescription types,39838928,8446878,3710.54,500.7,92060190
2022,Farm animals,Poultry,Rearing laying hens and parent birds,All prescription types,2823270,1302296,751.97,346.86,3754481
2022,Farm animals,Poultry,Laying and parent birds,All prescription types,764379,15137,1840.58,36.45,415292
2022,Farm animals,Poultry,Laying hens,All prescription types,1791951,67158,502.41,18.83,3566711
2022,Farm animals,Poultry,Fattening broilers,All prescription types,34373927,7056287,409.66,84.09,83908974
2022,Farm animals,Poultry,Fattening turkeys,All prescription types,85401,6000,205.92,14.47,414732
2022,Farm animals,Game animals,All categories of use,All prescription types,86,13,5.8,0.88,14830
2022,Farm animals,Game animals,Game animals,All prescription types,86,13,5.8,0.88,14830
2022,Farm animals,Camelids,All categories of use,All prescription types,3145,1086,336.51,116.2,9346
2022,Farm animals,Camelids,Camelids,All prescription types,3145,1086,336.51,116.2,9346
2022,Farm animals,Rabbits,All categories of use,All prescription types,1774167,11397,6783.93,43.58,261525
2022,Farm animals,Rabbits,Rabbits,All prescription types,1774167,11397,6783.93,43.58,261525
2022,Farm animals,Cattle,All categories of use,All prescription types,3613859,598420,4454.61,667.38,1776482
2022,Farm animals,Cattle,Dairy cows,All prescription types,802624,73672,1517.44,139.28,528934
2022,Farm animals,Cattle,Suckler cows,All prescription types,51155,3511,221.13,15.18,231333
2022,Farm animals,Cattle,Cattle rearing and fattening,All prescription types,2760080,521237,2716.04,512.92,1016215
2022,Farm animals,Sheep,All categories of use,All prescription types,43493,3837,100.13,8.83,434370
2022,Farm animals,Sheep,Sheep,All prescription types,43493,3837,100.13,8.83,434370
2022,Farm animals,Pigs,All categories of use,All prescription types,1541076,168414,951.84,114.47,6937188
2022,Farm animals,Pigs,Fattening pigs and giltsm,All prescription types,516282,40696,209.19,16.49,2467959
2022,Farm animals,Pigs,Suckling and weaned piglets,All prescription types,1010115,125733,227.47,28.31,4440736
2022,Farm animals,Pigs,Breeding sows and boars,All prescription types,14679,1985,515.18,69.67,28493
2022,Farm animals,Goats,All categories of use,All prescription types,63902,16071,580.12,145.9,110153
2022,Farm animals,Goats,Goats,All prescription types,63902,16071,580.12,145.9,110153
2023,All animals,All species,All categories of use,All prescription types,43063901,6707742,16543.58,2533.78,101852249
2023,All animals,All species,Rearing laying hens and parent birds,All prescription types,1055312,526988,215.64,107.68,4893934
2023,All animals,All species,Equids,All prescription types,86106,2452,763.14,21.73,112831
2023,All animals,All species,Game animals,All prescription types,118,77,7.97,5.2,14810
2023,All animals,All species,Dogs,All prescription types,1284333,175063,2326.33,317.09,552085
2023,All animals,All species,Camelids,All prescription types,3503,1102,366.54,115.31,9557
2023,All animals,All species,Rabbits,All prescription types,746941,10375,3417.63,47.47,218555
2023,All animals,All species,Cats,All prescription types,2164965,1182632,1242.44,678.7,1742506
2023,All animals,All species,Laying and parent birds,All prescription types,332251,50126,862.03,130.05,385429
2023,All animals,All species,Laying hens,All prescription types,1258012,105069,351.04,29.32,3583707
2023,All animals,All species,Fattening broilers,All prescription types,30877837,3857876,381.72,47.69,80891652
2023,All animals,All species,Fattening pigs and giltsm,All prescription types,463400,50920,195.07,21.43,2375577
2023,All animals,All species,Fattening turkeys,All prescription types,59821,12001,146.58,29.41,408100
2023,All animals,All species,Dairy cows,All prescription types,1022047,90468,1959.83,173.48,521497
2023,All animals,All species,Suckler cows,All prescription types,64858,5047,266.8,20.76,243093
2023,All animals,All species,Cattle rearing and fattening,All prescription types,2731304,518344,2685.84,509.72,1016926
2023,All animals,All species,Suckling and weaned piglets,All prescription types,780448,93870,182.12,21.9,4285400
2023,All animals,All species,Sheep,All prescription types,66312,8327,146.6,18.41,452340
2023,All animals,All species,Goats,All prescription types,49847,13666,426.99,117.06,116740
2023,All animals,All species,Breeding sows and boars,All prescription types,16486,3339,599.27,121.37,27510
2023,All animals,Equids,All categories of use,All prescription types,86106,2452,763.14,21.73,112831
2023,All animals,Equids,Equids,All prescription types,86106,2452,763.14,21.73,112831
2023,All animals,Poultry,All categories of use,All prescription types,33583233,4552060,1957.01,344.15,90162822
2023,All animals,Poultry,Rearing laying hens and parent birds,All prescription types,1055312,526988,215.64,107.68,4893934
2023,All animals,Poultry,Laying and parent birds,All prescription types,332251,50126,862.03,130.05,385429
2023,All animals,Poultry,Laying hens,All prescription types,1258012,105069,351.04,29.32,3583707
2023,All animals,Poultry,Fattening broilers,All prescription types,30877837,3857876,381.72,47.69,80891652
2023,All animals,Poultry,Fattening turkeys,All prescription types,59821,12001,146.58,29.41,408100
2023,All animals,Game animals,All categories of use,All prescription types,118,77,7.97,5.2,14810
2023,All animals,Game animals,Game animals,All prescription types,118,77,7.97,5.2,14810
2023,All animals,Dogs,All categories of use,All prescription types,1284333,175063,2326.33,317.09,552085
2023,All animals,Dogs,Dogs,All prescription types,1284333,175063,2326.33,317.09,552085
2023,All animals,Camelids,All categories of use,All prescription types,3503,1102,366.54,115.31,9557
2023,All animals,Camelids,Camelids,All prescription types,3503,1102,366.54,115.31,9557
2023,All animals,Rabbits,All categories of use,All prescription types,746941,10375,3417.63,47.47,218555
2023,All animals,Rabbits,Rabbits,All prescription types,746941,10375,3417.63,47.47,218555
2023,All animals,Cats,All categories of use,All prescription types,2164965,1182632,1242.44,678.7,1742506
2023,All animals,Cats,Cats,All prescription types,2164965,1182632,1242.44,678.7,1742506
2023,All animals,Cattle,All categories of use,All prescription types,3818209,613859,4912.47,703.96,1781516
2023,All animals,Cattle,Dairy cows,All prescription types,1022047,90468,1959.83,173.48,521497
2023,All animals,Cattle,Suckler cows,All prescription types,64858,5047,266.8,20.76,243093
2023,All animals,Cattle,Cattle rearing and fattening,All prescription types,2731304,518344,2685.84,509.72,1016926
2023,All animals,Sheep,All categories of use,All prescription types,66312,8327,146.6,18.41,452340
2023,All animals,Sheep,Sheep,All prescription types,66312,8327,146.6,18.41,452340
2023,All animals,Pigs,All categories of use,All prescription types,1260334,148129,976.46,164.7,6688487
2023,All animals,Pigs,Fattening pigs and giltsm,All prescription types,463400,50920,195.07,21.43,2375577
2023,All animals,Pigs,Suckling and weaned piglets,All prescription types,780448,93870,182.12,21.9,4285400
2023,All animals,Pigs,Breeding sows and boars,All prescription types,16486,3339,599.27,121.37,27510
2023,All animals,Goats,All categories of use,All prescription types,49847,13666,426.99,117.06,116740
2023,All animals,Goats,Goats,All prescription types,49847,13666,426.99,117.06,116740
2023,Pets,All species,All categories of use,All prescription types,3535404,1360147,4331.91,1017.52,2407422
2023,Pets,All species,Equids,All prescription types,86106,2452,763.14,21.73,112831
2023,Pets,All species,Dogs,All prescription types,1284333,175063,2326.33,317.09,552085
2023,Pets,All species,Cats,All prescription types,2164965,1182632,1242.44,678.7,1742506
2023,Pets,Equids,All categories of use,All prescription types,86106,2452,763.14,21.73,112831
2023,Pets,Equids,Equids,All prescription types,86106,2452,763.14,21.73,112831
2023,Pets,Dogs,All categories of use,All prescription types,1284333,175063,2326.33,317.09,552085
2023,Pets,Dogs,Dogs,All prescription types,1284333,175063,2326.33,317.09,552085
2023,Pets,Cats,All categories of use,All prescription types,2164965,1182632,1242.44,678.7,1742506
2023,Pets,Cats,Cats,All prescription types,2164965,1182632,1242.44,678.7,1742506
2023,Farm animals,All species,All categories of use,All prescription types,39528497,5347595,12211.67,1516.26,99444827
2023,Farm animals,All species,Rearing laying hens and parent birds,All prescription types,1055312,526988,215.64,107.68,4893934
2023,Farm animals,All species,Game animals,All prescription types,118,77,7.97,5.2,14810
2023,Farm animals,All species,Camelids,All prescription types,3503,1102,366.54,115.31,9557
2023,Farm animals,All species,Rabbits,All prescription types,746941,10375,3417.63,47.47,218555
2023,Farm animals,All species,Laying and parent birds,All prescription types,332251,50126,862.03,130.05,385429
2023,Farm animals,All species,Laying hens,All prescription types,1258012,105069,351.04,29.32,3583707
2023,Farm animals,All species,Fattening broilers,All prescription types,30877837,3857876,381.72,47.69,80891652
2023,Farm animals,All species,Fattening pigs and giltsm,All prescription types,463400,50920,195.07,21.43,2375577
2023,Farm animals,All species,Fattening turkeys,All prescription types,59821,12001,146.58,29.41,408100
2023,Farm animals,All species,Dairy cows,All prescription types,1022047,90468,1959.83,173.48,521497
2023,Farm animals,All species,Suckler cows,All prescription types,64858,5047,266.8,20.76,243093
2023,Farm animals,All species,Cattle rearing and fattening,All prescription types,2731304,518344,2685.84,509.72,1016926
2023,Farm animals,All species,Suckling and weaned piglets,All prescription types,780448,93870,182.12,21.9,4285400
2023,Farm animals,All species,Sheep,All prescription types,66312,8327,146.6,18.41,452340
2023,Farm animals,All species,Goats,All prescription types,49847,13666,426.99,117.06,116740
2023,Farm animals,All species,Breeding sows and boars,All prescription types,16486,3339,599.27,121.37,27510
2023,Farm animals,Poultry,All categories of use,All prescription types,33583233,4552060,1957.01,344.15,90162822
2023,Farm animals,Poultry,Rearing laying hens and parent birds,All prescription types,1055312,526988,215.64,107.68,4893934
2023,Farm animals,Poultry,Laying and parent birds,All prescription types,332251,50126,862.03,130.05,385429
2023,Farm animals,Poultry,Laying hens,All prescription types,1258012,105069,351.04,29.32,3583707
2023,Farm animals,Poultry,Fattening broilers,All prescription types,30877837,3857876,381.72,47.69,80891652
2023,Farm animals,Poultry,Fattening turkeys,All prescription types,59821,12001,146.58,29.41,408100
2023,Farm animals,Game animals,All categories of use,All prescription types,118,77,7.97,5.2,14810
2023,Farm animals,Game animals,Game animals,All prescription types,118,77,7.97,5.2,14810
2023,Farm animals,Camelids,All categories of use,All prescription types,3503,1102,366.54,115.31,9557
2023,Farm animals,Camelids,Camelids,All prescription types,3503,1102,366.54,115.31,9557
2023,Farm animals,Rabbits,All categories of use,All prescription types,746941,10375,3417.63,47.47,218555
2023,Farm animals,Rabbits,Rabbits,All prescription types,746941,10375,3417.63,47.47,218555
2023,Farm animals,Cattle,All categories of use,All prescription types,3818209,613859,4912.47,703.96,1781516
2023,Farm animals,Cattle,Dairy cows,All prescription types,1022047,90468,1959.83,173.48,521497
2023,Farm animals,Cattle,Suckler cows,All prescription types,64858,5047,266.8,20.76,243093
2023,Farm animals,Cattle,Cattle rearing and fattening,All prescription types,2731304,518344,2685.84,509.72,1016926
2023,Farm animals,Sheep,All categories of use,All prescription types,66312,8327,146.6,18.41,452340
2023,Farm animals,Sheep,Sheep,All prescription types,66312,8327,146.6,18.41,452340
2023,Farm animals,Pigs,All categories of use,All prescription types,1260334,148129,976.46,164.7,6688487
2023,Farm animals,Pigs,Fattening pigs and giltsm,All prescription types,463400,50920,195.07,21.43,2375577
2023,Farm animals,Pigs,Suckling and weaned piglets,All prescription types,780448,93870,182.12,21.9,4285400
2023,Farm animals,Pigs,Breeding sows and boars,All prescription types,16486,3339,599.27,121.37,27510
2023,Farm animals,Goats,All categories of use,All prescription types,49847,13666,426.99,117.06,116740
2023,Farm animals,Goats,Goats,All prescription types,49847,13666,426.99,117.06,116740
2024,All animals,All species,All categories of use,All prescription types,44824721,6094769,14242.52,2295.82,103051362
2024,All animals,All species,Rearing laying hens and parent birds,All prescription types,1127343,681418,227.01,137.21,4966135
2024,All animals,All species,Equids,All prescription types,85559,2950,763.43,26.32,112072
2024,All animals,All species,Game animals,All prescription types,46,1,3.23,0.07,14253
2024,All animals,All species,Dogs,All prescription types,1241896,159562,2237.19,287.44,555114
2024,All animals,All species,Camelids,All prescription types,4043,667,420.88,69.44,9606
2024,All animals,All species,Rabbits,All prescription types,15289,825,78.37,4.23,195085
2024,All animals,All species,Cats,All prescription types,2068188,1057401,1267.85,648.21,1631253
2024,All animals,All species,Laying and parent birds,All prescription types,454211,9021,1403.5,27.87,323628
2024,All animals,All species,Laying hens,All prescription types,636054,68580,173.56,18.71,3664740
2024,All animals,All species,Fattening broilers,All prescription types,33602139,3388882,408.8,41.23,82197176
2024,All animals,All species,Fattening pigs and giltsm,All prescription types,577670,59864,245.36,25.43,2354346
2024,All animals,All species,Fattening turkeys,All prescription types,66391,215,157.17,0.51,422412
2024,All animals,All species,Dairy cows,All prescription types,1126393,98946,2157.77,189.55,522016
2024,All animals,All species,Suckler cows,All prescription types,66225,5086,266.88,20.5,248149
2024,All animals,All species,Cattle rearing and fattening,All prescription types,2859886,468697,2803.13,459.4,1020247
2024,All animals,All species,Suckling and weaned piglets,All prescription types,767213,75131,181.63,17.79,4223952
2024,All animals,All species,Sheep,All prescription types,59100,4096,132.19,9.16,447094
2024,All animals,All species,Goats,All prescription types,41306,6548,352.11,55.82,117310
2024,All animals,All species,Breeding sows and boars,All prescription types,25769,6879,962.46,256.93,26774
2024,All animals,Equids,All categories of use,All prescription types,85559,2950,763.43,26.32,112072
2024,All animals,Equids,Equids,All prescription types,85559,2950,763.43,26.32,112072
2024,All animals,Poultry,All categories of use,All prescription types,35886138,4148116,2370.04,225.53,91574091
2024,All animals,Poultry,Rearing laying hens and parent birds,All prescription types,1127343,681418,227.01,137.21,4966135
2024,All animals,Poultry,Laying and parent birds,All prescription types,454211,9021,1403.5,27.87,323628
2024,All animals,Poultry,Laying hens,All prescription types,636054,68580,173.56,18.71,3664740
2024,All animals,Poultry,Fattening broilers,All prescription types,33602139,3388882,408.8,41.23,82197176
2024,All animals,Poultry,Fattening turkeys,All prescription types,66391,215,157.17,0.51,422412
2024,All animals,Game animals,All categories of use,All prescription types,46,1,3.23,0.07,14253
2024,All animals,Game animals,Game animals,All prescription types,46,1,3.23,0.07,14253
2024,All animals,Dogs,All categories of use,All prescription types,1241896,159562,2237.19,287.44,555114
2024,All animals,Dogs,Dogs,All prescription types,1241896,159562,2237.19,287.44,555114
2024,All animals,Camelids,All categories of use,All prescription types,4043,667,420.88,69.44,9606
2024,All animals,Camelids,Camelids,All prescription types,4043,667,420.88,69.44,9606
2024,All animals,Rabbits,All categories of use,All prescription types,15289,825,78.37,4.23,195085
2024,All animals,Rabbits,Rabbits,All prescription types,15289,825,78.37,4.23,195085
2024,All animals,Cats,All categories of use,All prescription types,2068188,1057401,1267.85,648.21,1631253
2024,All animals,Cats,Cats,All prescription types,2068188,1057401,1267.85,648.21,1631253
2024,All animals,Cattle,All categories of use,All prescription types,4052504,572729,5227.78,669.45,1790412
2024,All animals,Cattle,Dairy cows,All prescription types,1126393,98946,2157.77,189.55,522016
2024,All animals,Cattle,Suckler cows,All prescription types,66225,5086,266.88,20.5,248149
2024,All animals,Cattle,Cattle rearing and fattening,All prescription types,2859886,468697,2803.13,459.4,1020247
2024,All animals,Sheep,All categories of use,All prescription types,59100,4096,132.19,9.16,447094
2024,All animals,Sheep,Sheep,All prescription types,59100,4096,132.19,9.16,447094
2024,All animals,Pigs,All categories of use,All prescription types,1370652,141874,1389.45,300.15,6605072
2024,All animals,Pigs,Fattening pigs and giltsm,All prescription types,577670,59864,245.36,25.43,2354346
2024,All animals,Pigs,Suckling and weaned piglets,All prescription types,767213,75131,181.63,17.79,4223952
2024,All animals,Pigs,Breeding sows and boars,All prescription types,25769,6879,962.46,256.93,26774
2024,All animals,Goats,All categories of use,All prescription types,41306,6548,352.11,55.82,117310
2024,All animals,Goats,Goats,All prescription types,41306,6548,352.11,55.82,117310
2024,Pets,All species,All categories of use,All prescription types,3395643,1219913,4268.47,961.97,2298439
2024,Pets,All species,Equids,All prescription types,85559,2950,763.43,26.32,112072
2024,Pets,All species,Dogs,All prescription types,1241896,159562,2237.19,287.44,555114
2024,Pets,All species,Cats,All prescription types,2068188,1057401,1267.85,648.21,1631253
2024,Pets,Equids,All categories of use,All prescription types,85559,2950,763.43,26.32,112072
2024,Pets,Equids,Equids,All prescription types,85559,2950,763.43,26.32,112072
2024,Pets,Dogs,All categories of use,All prescription types,1241896,159562,2237.19,287.44,555114
2024,Pets,Dogs,Dogs,All prescription types,1241896,159562,2237.19,287.44,555114
2024,Pets,Cats,All categories of use,All prescription types,2068188,1057401,1267.85,648.21,1631253
2024,Pets,Cats,Cats,All prescription types,2068188,1057401,1267.85,648.21,1631253
2024,Farm animals,All species,All categories of use,All prescription types,41429078,4874856,9974.05,1333.85,100752923
2024,Farm animals,All species,Rearing laying hens and parent birds,All prescription types,1127343,681418,227.01,137.21,4966135
2024,Farm animals,All species,Game animals,All prescription types,46,1,3.23,0.07,14253
2024,Farm animals,All species,Camelids,All prescription types,4043,667,420.88,69.44,9606
2024,Farm animals,All species,Rabbits,All prescription types,15289,825,78.37,4.23,195085
2024,Farm animals,All species,Laying and parent birds,All prescription types,454211,9021,1403.5,27.87,323628
2024,Farm animals,All species,Laying hens,All prescription types,636054,68580,173.56,18.71,3664740
2024,Farm animals,All species,Fattening broilers,All prescription types,33602139,3388882,408.8,41.23,82197176
2024,Farm animals,All species,Fattening pigs and giltsm,All prescription types,577670,59864,245.36,25.43,2354346
2024,Farm animals,All species,Fattening turkeys,All prescription types,66391,215,157.17,0.51,422412
2024,Farm animals,All species,Dairy cows,All prescription types,1126393,98946,2157.77,189.55,522016
2024,Farm animals,All species,Suckler cows,All prescription types,66225,5086,266.88,20.5,248149
2024,Farm animals,All species,Cattle rearing and fattening,All prescription types,2859886,468697,2803.13,459.4,1020247
2024,Farm animals,All species,Suckling and weaned piglets,All prescription types,767213,75131,181.63,17.79,4223952
2024,Farm animals,All species,Sheep,All prescription types,59100,4096,132.19,9.16,447094
2024,Farm animals,All species,Goats,All prescription types,41306,6548,352.11,55.82,117310
2024,Farm animals,All species,Breeding sows and boars,All prescription types,25769,6879,962.46,256.93,26774
2024,Farm animals,Poultry,All categories of use,All prescription types,35886138,4148116,2370.04,225.53,91574091
2024,Farm animals,Poultry,Rearing laying hens and parent birds,All prescription types,1127343,681418,227.01,137.21,4966135
2024,Farm animals,Poultry,Laying and parent birds,All prescription types,454211,9021,1403.5,27.87,323628
2024,Farm animals,Poultry,Laying hens,All prescription types,636054,68580,173.56,18.71,3664740
2024,Farm animals,Poultry,Fattening broilers,All prescription types,33602139,3388882,408.8,41.23,82197176
2024,Farm animals,Poultry,Fattening turkeys,All prescription types,66391,215,157.17,0.51,422412
2024,Farm animals,Game animals,All categories of use,All prescription types,46,1,3.23,0.07,14253
2024,Farm animals,Game animals,Game animals,All prescription types,46,1,3.23,0.07,14253
2024,Farm animals,Camelids,All categories of use,All prescription types,4043,667,420.88,69.44,9606
2024,Farm animals,Camelids,Camelids,All prescription types,4043,667,420.88,69.44,9606
2024,Farm animals,Rabbits,All categories of use,All prescription types,15289,825,78.37,4.23,195085
2024,Farm animals,Rabbits,Rabbits,All prescription types,15289,825,78.37,4.23,195085
2024,Farm animals,Cattle,All categories of use,All prescription types,4052504,572729,5227.78,669.45,1790412
2024,Farm animals,Cattle,Dairy cows,All prescription types,1126393,98946,2157.77,189.55,522016
2024,Farm animals,Cattle,Suckler cows,All prescription types,66225,5086,266.88,20.5,248149
2024,Farm animals,Cattle,Cattle rearing and fattening,All prescription types,2859886,468697,2803.13,459.4,1020247
2024,Farm animals,Sheep,All categories of use,All prescription types,59100,4096,132.19,9.16,447094
2024,Farm animals,Sheep,Sheep,All prescription types,59100,4096,132.19,9.16,447094
2024,Farm animals,Pigs,All categories of use,All prescription types,1370652,141874,1389.45,300.15,6605072
2024,Farm animals,Pigs,Fattening pigs and giltsm,All prescription types,577670,59864,245.36,25.43,2354346
2024,Farm animals,Pigs,Suckling and weaned piglets,All prescription types,767213,75131,181.63,17.79,4223952
2024,Farm animals,Pigs,Breeding sows and boars,All prescription types,25769,6879,962.46,256.93,26774
2024,Farm animals,Goats,All categories of use,All prescription types,41306,6548,352.11,55.82,117310
2024,Farm animals,Goats,Goats,All prescription types,41306,6548,352.11,55.82,117310
2025,All animals,All species,All categories of use,All prescription types,57426725,7018177,15366.43,2309.08,102937779
2025,All animals,All species,Rearing laying hens and parent birds,All prescription types,735800,324003,148.16,65.24,4966135
2025,All animals,All species,Equids,All prescription types,82110,2183,739.64,19.66,111013
2025,All animals,All species,Game animals,All prescription types,58,7,4.07,0.49,14253
2025,All animals,All species,Dogs,All prescription types,1181399,146525,2133.09,264.56,553843
2025,All animals,All species,Camelids,All prescription types,3935,475,409.64,49.45,9606
2025,All animals,All species,Rabbits,All prescription types,150779,735,772.89,3.77,195085
2025,All animals,All species,Cats,All prescription types,1988026,964551,1307.91,634.57,1520000
2025,All animals,All species,Laying and parent birds,All prescription types,530255,120333,1638.47,371.83,323628
2025,All animals,All species,Laying hens,All prescription types,1124428,40435,306.82,11.03,3664740
2025,All animals,All species,Fattening broilers,All prescription types,46142176,4791413,561.36,58.29,82197176
2025,All animals,All species,Fattening pigs and giltsm,All prescription types,611299,76845,259.65,32.64,2354346
2025,All animals,All species,Fattening turkeys,All prescription types,34565,3315,81.83,7.85,422412
2025,All animals,All species,Dairy cows,All prescription types,1091369,88183,2090.68,168.93,522016
2025,All animals,All species,Suckler cows,All prescription types,60594,4405,244.18,17.75,248149
2025,All animals,All species,Cattle rearing and fattening,All prescription types,2783505,370750,2728.27,363.39,1020247
2025,All animals,All species,Suckling and weaned piglets,All prescription types,777558,71120,184.08,16.84,4223952
2025,All animals,All species,Sheep,All prescription types,55416,3910,123.95,8.75,447094
2025,All animals,All species,Goats,All prescription types,38567,4222,328.76,35.99,117310
2025,All animals,All species,Breeding sows and boars,All prescription types,34886,4767,1302.98,178.05,26774
2025,All animals,Equids,All categories of use,All prescription types,82110,2183,739.64,19.66,111013
2025,All animals,Equids,Equids,All prescription types,82110,2183,739.64,19.66,111013
2025,All animals,Poultry,All categories of use,All prescription types,48567224,5279499,2736.64,514.24,91574091
2025,All animals,Poultry,Rearing laying hens and parent birds,All prescription types,735800,324003,148.16,65.24,4966135
2025,All animals,Poultry,Laying and parent birds,All prescription types,530255,120333,1638.47,371.83,323628
2025,All animals,Poultry,Laying hens,All prescription types,1124428,40435,306.82,11.03,3664740
2025,All animals,Poultry,Fattening broilers,All prescription types,46142176,4791413,561.36,58.29,82197176
2025,All animals,Poultry,Fattening turkeys,All prescription types,34565,3315,81.83,7.85,422412
2025,All animals,Game animals,All categories of use,All prescription types,58,7,4.07,0.49,14253
2025,All animals,Game animals,Game animals,All prescription types,58,7,4.07,0.49,14253
2025,All animals,Dogs,All categories of use,All prescription types,1181399,146525,2133.09,264.56,553843
2025,All animals,Dogs,Dogs,All prescription types,1181399,146525,2133.09,264.56,553843
2025,All animals,Camelids,All categories of use,All prescription types,3935,475,409.64,49.45,9606
2025,All animals,Camelids,Camelids,All prescription types,3935,475,409.64,49.45,9606
2025,All animals,Rabbits,All categories of use,All prescription types,150779,735,772.89,3.77,195085
2025,All animals,Rabbits,Rabbits,All prescription types,150779,735,772.89,3.77,195085
2025,All animals,Cats,All categories of use,All prescription types,1988026,964551,1307.91,634.57,1520000
2025,All animals,Cats,Cats,All prescription types,1988026,964551,1307.91,634.57,1520000
2025,All animals,Cattle,All categories of use,All prescription types,3935468,463338,5063.13,550.07,1790412
2025,All animals,Cattle,Dairy cows,All prescription types,1091369,88183,2090.68,168.93,522016
2025,All animals,Cattle,Suckler cows,All prescription types,60594,4405,244.18,17.75,248149
2025,All animals,Cattle,Cattle rearing and fattening,All prescription types,2783505,370750,2728.27,363.39,1020247
2025,All animals,Sheep,All categories of use,All prescription types,55416,3910,123.95,8.75,447094
2025,All animals,Sheep,Sheep,All prescription types,55416,3910,123.95,8.75,447094
2025,All animals,Pigs,All categories of use,All prescription types,1423743,152732,1746.71,227.53,6605072
2025,All animals,Pigs,Fattening pigs and giltsm,All prescription types,611299,76845,259.65,32.64,2354346
2025,All animals,Pigs,Suckling and weaned piglets,All prescription types,777558,71120,184.08,16.84,4223952
2025,All animals,Pigs,Breeding sows and boars,All prescription types,34886,4767,1302.98,178.05,26774
2025,All animals,Goats,All categories of use,All prescription types,38567,4222,328.76,35.99,117310
2025,All animals,Goats,Goats,All prescription types,38567,4222,328.76,35.99,117310
2025,Pets,All species,All categories of use,All prescription types,3251535,1113259,4180.64,918.79,2184856
2025,Pets,All species,Equids,All prescription types,82110,2183,739.64,19.66,111013
2025,Pets,All species,Dogs,All prescription types,1181399,146525,2133.09,264.56,553843
2025,Pets,All species,Cats,All prescription types,1988026,964551,1307.91,634.57,1520000
2025,Pets,Equids,All categories of use,All prescription types,82110,2183,739.64,19.66,111013
2025,Pets,Equids,Equids,All prescription types,82110,2183,739.64,19.66,111013
2025,Pets,Dogs,All categories of use,All prescription types,1181399,146525,2133.09,264.56,553843
2025,Pets,Dogs,Dogs,All prescription types,1181399,146525,2133.09,264.56,553843
2025,Pets,Cats,All categories of use,All prescription types,1988026,964551,1307.91,634.57,1520000
2025,Pets,Cats,Cats,All prescription types,1988026,964551,1307.91,634.57,1520000
2025,Farm animals,All species,All categories of use,All prescription types,54175190,5904918,11185.79,1390.29,100752923
2025,Farm animals,All species,Rearing laying hens and parent birds,All prescription types,735800,324003,148.16,65.24,4966135
2025,Farm animals,All species,Game animals,All prescription types,58,7,4.07,0.49,14253
2025,Farm animals,All species,Camelids,All prescription types,3935,475,409.64,49.45,9606
2025,Farm animals,All species,Rabbits,All prescription types,150779,735,772.89,3.77,195085
2025,Farm animals,All species,Laying and parent birds,All prescription types,530255,120333,1638.47,371.83,323628
2025,Farm animals,All species,Laying hens,All prescription types,1124428,40435,306.82,11.03,3664740
2025,Farm animals,All species,Fattening broilers,All prescription types,46142176,4791413,561.36,58.29,82197176
2025,Farm animals,All species,Fattening pigs and giltsm,All prescription types,611299,76845,259.65,32.64,2354346
2025,Farm animals,All species,Fattening turkeys,All prescription types,34565,3315,81.83,7.85,422412
2025,Farm animals,All species,Dairy cows,All prescription types,1091369,88183,2090.68,168.93,522016
2025,Farm animals,All species,Suckler cows,All prescription types,60594,4405,244.18,17.75,248149
2025,Farm animals,All species,Cattle rearing and fattening,All prescription types,2783505,370750,2728.27,363.39,1020247
2025,Farm animals,All species,Suckling and weaned piglets,All prescription types,777558,71120,184.08,16.84,4223952
2025,Farm animals,All species,Sheep,All prescription types,55416,3910,123.95,8.75,447094
2025,Farm animals,All species,Goats,All prescription types,38567,4222,328.76,35.99,117310
2025,Farm animals,All species,Breeding sows and boars,All prescription types,34886,4767,1302.98,178.05,26774
2025,Farm animals,Poultry,All categories of use,All prescription types,48567224,5279499,2736.64,514.24,91574091
2025,Farm animals,Poultry,Rearing laying hens and parent birds,All prescription types,735800,324003,148.16,65.24,4966135
2025,Farm animals,Poultry,Laying and parent birds,All prescription types,530255,120333,1638.47,371.83,323628
2025,Farm animals,Poultry,Laying hens,All prescription types,1124428,40435,306.82,11.03,3664740
2025,Farm animals,Poultry,Fattening broilers,All prescription types,46142176,4791413,561.36,58.29,82197176
2025,Farm animals,Poultry,Fattening turkeys,All prescription types,34565,3315,81.83,7.85,422412
2025,Farm animals,Game animals,All categories of use,All prescription types,58,7,4.07,0.49,14253
2025,Farm animals,Game animals,Game animals,All prescription types,58,7,4.07,0.49,14253
2025,Farm animals,Camelids,All categories of use,All prescription types,3935,475,409.64,49.45,9606
2025,Farm animals,Camelids,Camelids,All prescription types,3935,475,409.64,49.45,9606
2025,Farm animals,Rabbits,All categories of use,All prescription types,150779,735,772.89,3.77,195085
2025,Farm animals,Rabbits,Rabbits,All prescription types,150779,735,772.89,3.77,195085
2025,Farm animals,Cattle,All categories of use,All prescription types,3935468,463338,5063.13,550.07,1790412
2025,Farm animals,Cattle,Dairy cows,All prescription types,1091369,88183,2090.68,168.93,522016
2025,Farm animals,Cattle,Suckler cows,All prescription types,60594,4405,244.18,17.75,248149
2025,Farm animals,Cattle,Cattle rearing and fattening,All prescription types,2783505,370750,2728.27,363.39,1020247
2025,Farm animals,Sheep,All categories of use,All prescription types,55416,3910,123.95,8.75,447094
2025,Farm animals,Sheep,Sheep,All prescription types,55416,3910,123.95,8.75,447094
2025,Farm animals,Pigs,All categories of use,All prescription types,1423743,152732,1746.71,227.53,6605072
2025,Farm animals,Pigs,Fattening pigs and giltsm,All prescription types,611299,76845,259.65,32.64,2354346
2025,Farm animals,Pigs,Suckling and weaned piglets,All prescription types,777558,71120,184.08,16.84,4223952
2025,Farm animals,Pigs,Breeding sows and boars,All prescription types,34886,4767,1302.98,178.05,26774
2025,Farm animals,Goats,All categories of use,All prescription types,38567,4222,328.76,35.99,117310
2025,Farm animals,Goats,Goats,All prescription types,38567,4222,328.76,35.99,117310