Year,Species,Class of active substances,Critical active substance,Amount of active ingredient (kg)
2016,Species,Active substance class,All types of active ingredients,38377.1
2016,Species,Active substance class,No,35952.85
2016,Species,Active substance class,Yes,2424.25
2016,Species,Aminoglycosides,All types of active ingredients,2997.17
2016,Species,Aminoglycosides,No,2997.17
2016,Species,Amphenicols,All types of active ingredients,272.97
2016,Species,Amphenicols,No,272.97
2016,Species,Other¹,All types of active ingredients,181.9
2016,Species,Other¹,No,181.9
2016,Species,Cephalosporins 1st/2nd generation,All types of active ingredients,298.14
2016,Species,Cephalosporins 1st/2nd generation,No,298.14
2016,Species,Cephalosporins 3rd/4th generation ᶜʳⁱᵗ,All types of active ingredients,132.72
2016,Species,Cephalosporins 3rd/4th generation ᶜʳⁱᵗ,Yes,132.72
2016,Species,Fluoroquinolones ᶜʳⁱᵗ,All types of active ingredients,303.7
2016,Species,Fluoroquinolones ᶜʳⁱᵗ,Yes,303.7
2016,Species,Macrolides ᶜʳⁱᵗ,All types of active ingredients,1987.83
2016,Species,Macrolides ᶜʳⁱᵗ,Yes,1987.83
2016,Species,Penicillins,All types of active ingredients,9694.34
2016,Species,Penicillins,No,9694.34
2016,Species,Polymyxins,All types of active ingredients,372.39
2016,Species,Polymyxins,No,372.39
2016,Species,Sulfonamides,All types of active ingredients,13130.27
2016,Species,Sulfonamides,No,13130.27
2016,Species,Tetracyclines,All types of active ingredients,8177.02
2016,Species,Tetracyclines,No,8177.02
2016,Species,Trimethoprim,All types of active ingredients,828.65
2016,Species,Trimethoprim,No,828.65
2016,Pet,Active substance class,All types of active ingredients,801.82
2016,Pet,Active substance class,No,752.89
2016,Pet,Active substance class,Yes,48.93
2016,Pet,Aminoglycosides,All types of active ingredients,9.52
2016,Pet,Aminoglycosides,No,9.52
2016,Pet,Amphenicols,All types of active ingredients,28.86
2016,Pet,Amphenicols,No,28.86
2016,Pet,Other¹,All types of active ingredients,29.59
2016,Pet,Other¹,No,29.59
2016,Pet,Cephalosporins 1st/2nd generation,All types of active ingredients,234.1
2016,Pet,Cephalosporins 1st/2nd generation,No,234.1
2016,Pet,Cephalosporins 3rd/4th generation ᶜʳⁱᵗ,All types of active ingredients,6.62
2016,Pet,Cephalosporins 3rd/4th generation ᶜʳⁱᵗ,Yes,6.62
2016,Pet,Fluoroquinolones ᶜʳⁱᵗ,All types of active ingredients,21.52
2016,Pet,Fluoroquinolones ᶜʳⁱᵗ,Yes,21.52
2016,Pet,Macrolides ᶜʳⁱᵗ,All types of active ingredients,20.79
2016,Pet,Macrolides ᶜʳⁱᵗ,Yes,20.79
2016,Pet,Penicillins,All types of active ingredients,445.63
2016,Pet,Penicillins,No,445.63
2016,Pet,Polymyxins,All types of active ingredients,0.36
2016,Pet,Polymyxins,No,0.36
2016,Pet,Tetracyclines,All types of active ingredients,4.83
2016,Pet,Tetracyclines,No,4.83
2016,Livestock,Active substance class,All types of active ingredients,37575.28
2016,Livestock,Active substance class,No,35199.96
2016,Livestock,Active substance class,Yes,2375.32
2016,Livestock,Aminoglycosides,All types of active ingredients,2987.65
2016,Livestock,Aminoglycosides,No,2987.65
2016,Livestock,Amphenicols,All types of active ingredients,244.11
2016,Livestock,Amphenicols,No,244.11
2016,Livestock,Other¹,All types of active ingredients,152.31
2016,Livestock,Other¹,No,152.31
2016,Livestock,Cephalosporins 1st/2nd generation,All types of active ingredients,64.04
2016,Livestock,Cephalosporins 1st/2nd generation,No,64.04
2016,Livestock,Cephalosporins 3rd/4th generation ᶜʳⁱᵗ,All types of active ingredients,126.1
2016,Livestock,Cephalosporins 3rd/4th generation ᶜʳⁱᵗ,Yes,126.1
2016,Livestock,Fluoroquinolones ᶜʳⁱᵗ,All types of active ingredients,282.18
2016,Livestock,Fluoroquinolones ᶜʳⁱᵗ,Yes,282.18
2016,Livestock,Macrolides ᶜʳⁱᵗ,All types of active ingredients,1967.04
2016,Livestock,Macrolides ᶜʳⁱᵗ,Yes,1967.04
2016,Livestock,Penicillins,All types of active ingredients,9248.71
2016,Livestock,Penicillins,No,9248.71
2016,Livestock,Polymyxins,All types of active ingredients,372.03
2016,Livestock,Polymyxins,No,372.03
2016,Livestock,Sulfonamides,All types of active ingredients,13130.27
2016,Livestock,Sulfonamides,No,13130.27
2016,Livestock,Tetracyclines,All types of active ingredients,8172.19
2016,Livestock,Tetracyclines,No,8172.19
2016,Livestock,Trimethoprim,All types of active ingredients,828.65
2016,Livestock,Trimethoprim,No,828.65
2017,Species,Active substance class,All types of active ingredients,32826.39
2017,Species,Active substance class,No,30903.2
2017,Species,Active substance class,Yes,1923.19
2017,Species,Aminoglycosides,All types of active ingredients,2471
2017,Species,Aminoglycosides,No,2471
2017,Species,Amphenicols,All types of active ingredients,378.32
2017,Species,Amphenicols,No,378.32
2017,Species,Other¹,All types of active ingredients,210.11
2017,Species,Other¹,No,210.11
2017,Species,Cephalosporins 1st/2nd generation,All types of active ingredients,278.93
2017,Species,Cephalosporins 1st/2nd generation,No,278.93
2017,Species,Cephalosporins 3rd/4th generation ᶜʳⁱᵗ,All types of active ingredients,101.57
2017,Species,Cephalosporins 3rd/4th generation ᶜʳⁱᵗ,Yes,101.57
2017,Species,Fluoroquinolones ᶜʳⁱᵗ,All types of active ingredients,227.89
2017,Species,Fluoroquinolones ᶜʳⁱᵗ,Yes,227.89
2017,Species,Macrolides ᶜʳⁱᵗ,All types of active ingredients,1593.73
2017,Species,Macrolides ᶜʳⁱᵗ,Yes,1593.73
2017,Species,Penicillins,All types of active ingredients,9609.97
2017,Species,Penicillins,No,9609.97
2017,Species,Polymyxins,All types of active ingredients,327.63
2017,Species,Polymyxins,No,327.63
2017,Species,Sulfonamides,All types of active ingredients,10180.52
2017,Species,Sulfonamides,No,10180.52
2017,Species,Tetracyclines,All types of active ingredients,6856.08
2017,Species,Tetracyclines,No,6856.08
2017,Species,Trimethoprim,All types of active ingredients,590.64
2017,Species,Trimethoprim,No,590.64
2017,Pet,Active substance class,All types of active ingredients,806.18
2017,Pet,Active substance class,No,758.88
2017,Pet,Active substance class,Yes,47.3
2017,Pet,Aminoglycosides,All types of active ingredients,9.13
2017,Pet,Aminoglycosides,No,9.13
2017,Pet,Amphenicols,All types of active ingredients,37.64
2017,Pet,Amphenicols,No,37.64
2017,Pet,Other¹,All types of active ingredients,29
2017,Pet,Other¹,No,29
2017,Pet,Cephalosporins 1st/2nd generation,All types of active ingredients,211.12
2017,Pet,Cephalosporins 1st/2nd generation,No,211.12
2017,Pet,Cephalosporins 3rd/4th generation ᶜʳⁱᵗ,All types of active ingredients,6.09
2017,Pet,Cephalosporins 3rd/4th generation ᶜʳⁱᵗ,Yes,6.09
2017,Pet,Fluoroquinolones ᶜʳⁱᵗ,All types of active ingredients,21.25
2017,Pet,Fluoroquinolones ᶜʳⁱᵗ,Yes,21.25
2017,Pet,Macrolides ᶜʳⁱᵗ,All types of active ingredients,19.96
2017,Pet,Macrolides ᶜʳⁱᵗ,Yes,19.96
2017,Pet,Penicillins,All types of active ingredients,467.08
2017,Pet,Penicillins,No,467.08
2017,Pet,Polymyxins,All types of active ingredients,0.24
2017,Pet,Polymyxins,No,0.24
2017,Pet,Tetracyclines,All types of active ingredients,4.67
2017,Pet,Tetracyclines,No,4.67
2017,Livestock,Active substance class,All types of active ingredients,32020.21
2017,Livestock,Active substance class,No,30144.32
2017,Livestock,Active substance class,Yes,1875.89
2017,Livestock,Aminoglycosides,All types of active ingredients,2461.87
2017,Livestock,Aminoglycosides,No,2461.87
2017,Livestock,Amphenicols,All types of active ingredients,340.68
2017,Livestock,Amphenicols,No,340.68
2017,Livestock,Other¹,All types of active ingredients,181.11
2017,Livestock,Other¹,No,181.11
2017,Livestock,Cephalosporins 1st/2nd generation,All types of active ingredients,67.81
2017,Livestock,Cephalosporins 1st/2nd generation,No,67.81
2017,Livestock,Cephalosporins 3rd/4th generation ᶜʳⁱᵗ,All types of active ingredients,95.48
2017,Livestock,Cephalosporins 3rd/4th generation ᶜʳⁱᵗ,Yes,95.48
2017,Livestock,Fluoroquinolones ᶜʳⁱᵗ,All types of active ingredients,206.64
2017,Livestock,Fluoroquinolones ᶜʳⁱᵗ,Yes,206.64
2017,Livestock,Macrolides ᶜʳⁱᵗ,All types of active ingredients,1573.77
2017,Livestock,Macrolides ᶜʳⁱᵗ,Yes,1573.77
2017,Livestock,Penicillins,All types of active ingredients,9142.89
2017,Livestock,Penicillins,No,9142.89
2017,Livestock,Polymyxins,All types of active ingredients,327.39
2017,Livestock,Polymyxins,No,327.39
2017,Livestock,Sulfonamides,All types of active ingredients,10180.52
2017,Livestock,Sulfonamides,No,10180.52
2017,Livestock,Tetracyclines,All types of active ingredients,6851.41
2017,Livestock,Tetracyclines,No,6851.41
2017,Livestock,Trimethoprim,All types of active ingredients,590.64
2017,Livestock,Trimethoprim,No,590.64
2018,Species,Active substance class,All types of active ingredients,32397.06
2018,Species,Active substance class,No,30617.38
2018,Species,Active substance class,Yes,1779.68
2018,Species,Aminoglycosides,All types of active ingredients,2522.62
2018,Species,Aminoglycosides,No,2522.62
2018,Species,Amphenicols,All types of active ingredients,498.88
2018,Species,Amphenicols,No,498.88
2018,Species,Other¹,All types of active ingredients,151.58
2018,Species,Other¹,No,151.58
2018,Species,Cephalosporins 1st/2nd generation,All types of active ingredients,268.33
2018,Species,Cephalosporins 1st/2nd generation,No,268.33
2018,Species,Cephalosporins 3rd/4th generation ᶜʳⁱᵗ,All types of active ingredients,94.46
2018,Species,Cephalosporins 3rd/4th generation ᶜʳⁱᵗ,Yes,94.46
2018,Species,Fluoroquinolones ᶜʳⁱᵗ,All types of active ingredients,202.99
2018,Species,Fluoroquinolones ᶜʳⁱᵗ,Yes,202.99
2018,Species,Macrolides ᶜʳⁱᵗ,All types of active ingredients,1482.23
2018,Species,Macrolides ᶜʳⁱᵗ,Yes,1482.23
2018,Species,Penicillins,All types of active ingredients,9823.1
2018,Species,Penicillins,No,9823.1
2018,Species,Polymyxins,All types of active ingredients,234.68
2018,Species,Polymyxins,No,234.68
2018,Species,Sulfonamides,All types of active ingredients,9291.97
2018,Species,Sulfonamides,No,9291.97
2018,Species,Tetracyclines,All types of active ingredients,7218.3
2018,Species,Tetracyclines,No,7218.3
2018,Species,Trimethoprim,All types of active ingredients,607.92
2018,Species,Trimethoprim,No,607.92
2018,Pet,Active substance class,All types of active ingredients,763.39
2018,Pet,Active substance class,No,719.51
2018,Pet,Active substance class,Yes,43.88
2018,Pet,Aminoglycosides,All types of active ingredients,9.19
2018,Pet,Aminoglycosides,No,9.19
2018,Pet,Amphenicols,All types of active ingredients,35.83
2018,Pet,Amphenicols,No,35.83
2018,Pet,Other¹,All types of active ingredients,26.73
2018,Pet,Other¹,No,26.73
2018,Pet,Cephalosporins 1st/2nd generation,All types of active ingredients,195.05
2018,Pet,Cephalosporins 1st/2nd generation,No,195.05
2018,Pet,Cephalosporins 3rd/4th generation ᶜʳⁱᵗ,All types of active ingredients,6.21
2018,Pet,Cephalosporins 3rd/4th generation ᶜʳⁱᵗ,Yes,6.21
2018,Pet,Fluoroquinolones ᶜʳⁱᵗ,All types of active ingredients,18.68
2018,Pet,Fluoroquinolones ᶜʳⁱᵗ,Yes,18.68
2018,Pet,Macrolides ᶜʳⁱᵗ,All types of active ingredients,18.99
2018,Pet,Macrolides ᶜʳⁱᵗ,Yes,18.99
2018,Pet,Penicillins,All types of active ingredients,447.86
2018,Pet,Penicillins,No,447.86
2018,Pet,Polymyxins,All types of active ingredients,0.51
2018,Pet,Polymyxins,No,0.51
2018,Pet,Tetracyclines,All types of active ingredients,4.34
2018,Pet,Tetracyclines,No,4.34
2018,Livestock,Active substance class,All types of active ingredients,31633.67
2018,Livestock,Active substance class,No,29897.87
2018,Livestock,Active substance class,Yes,1735.8
2018,Livestock,Aminoglycosides,All types of active ingredients,2513.43
2018,Livestock,Aminoglycosides,No,2513.43
2018,Livestock,Amphenicols,All types of active ingredients,463.05
2018,Livestock,Amphenicols,No,463.05
2018,Livestock,Other¹,All types of active ingredients,124.85
2018,Livestock,Other¹,No,124.85
2018,Livestock,Cephalosporins 1st/2nd generation,All types of active ingredients,73.28
2018,Livestock,Cephalosporins 1st/2nd generation,No,73.28
2018,Livestock,Cephalosporins 3rd/4th generation ᶜʳⁱᵗ,All types of active ingredients,88.25
2018,Livestock,Cephalosporins 3rd/4th generation ᶜʳⁱᵗ,Yes,88.25
2018,Livestock,Fluoroquinolones ᶜʳⁱᵗ,All types of active ingredients,184.31
2018,Livestock,Fluoroquinolones ᶜʳⁱᵗ,Yes,184.31
2018,Livestock,Macrolides ᶜʳⁱᵗ,All types of active ingredients,1463.24
2018,Livestock,Macrolides ᶜʳⁱᵗ,Yes,1463.24
2018,Livestock,Penicillins,All types of active ingredients,9375.24
2018,Livestock,Penicillins,No,9375.24
2018,Livestock,Polymyxins,All types of active ingredients,234.17
2018,Livestock,Polymyxins,No,234.17
2018,Livestock,Sulfonamides,All types of active ingredients,9291.97
2018,Livestock,Sulfonamides,No,9291.97
2018,Livestock,Tetracyclines,All types of active ingredients,7213.96
2018,Livestock,Tetracyclines,No,7213.96
2018,Livestock,Trimethoprim,All types of active ingredients,607.92
2018,Livestock,Trimethoprim,No,607.92
2019,Species,Active substance class,All types of active ingredients,30108.42
2019,Species,Active substance class,No,28668.01
2019,Species,Active substance class,Yes,1440.41
2019,Species,Aminoglycosides,All types of active ingredients,2464.68
2019,Species,Aminoglycosides,No,2464.68
2019,Species,Amphenicols,All types of active ingredients,570.69
2019,Species,Amphenicols,No,570.69
2019,Species,Other¹,All types of active ingredients,176.98
2019,Species,Other¹,No,176.98
2019,Species,Cephalosporins 1st/2nd generation,All types of active ingredients,249.06
2019,Species,Cephalosporins 1st/2nd generation,No,249.06
2019,Species,Cephalosporins 3rd/4th generation ᶜʳⁱᵗ,All types of active ingredients,72.45
2019,Species,Cephalosporins 3rd/4th generation ᶜʳⁱᵗ,Yes,72.45
2019,Species,Fluoroquinolones ᶜʳⁱᵗ,All types of active ingredients,185.1
2019,Species,Fluoroquinolones ᶜʳⁱᵗ,Yes,185.1
2019,Species,Macrolides ᶜʳⁱᵗ,All types of active ingredients,1182.86
2019,Species,Macrolides ᶜʳⁱᵗ,Yes,1182.86
2019,Species,Penicillins,All types of active ingredients,9784.79
2019,Species,Penicillins,No,9784.79
2019,Species,Polymyxins,All types of active ingredients,206.48
2019,Species,Polymyxins,No,206.48
2019,Species,Sulfonamides,All types of active ingredients,8406.4
2019,Species,Sulfonamides,No,8406.4
2019,Species,Tetracyclines,All types of active ingredients,6226.5
2019,Species,Tetracyclines,No,6226.5
2019,Species,Trimethoprim,All types of active ingredients,582.43
2019,Species,Trimethoprim,No,582.43
2019,Pet,Active substance class,All types of active ingredients,774.69
2019,Pet,Active substance class,No,733.88
2019,Pet,Active substance class,Yes,40.81
2019,Pet,Aminoglycosides,All types of active ingredients,8.44
2019,Pet,Aminoglycosides,No,8.44
2019,Pet,Amphenicols,All types of active ingredients,41.73
2019,Pet,Amphenicols,No,41.73
2019,Pet,Other¹,All types of active ingredients,47.41
2019,Pet,Other¹,No,47.41
2019,Pet,Cephalosporins 1st/2nd generation,All types of active ingredients,171.41
2019,Pet,Cephalosporins 1st/2nd generation,No,171.41
2019,Pet,Cephalosporins 3rd/4th generation ᶜʳⁱᵗ,All types of active ingredients,5.79
2019,Pet,Cephalosporins 3rd/4th generation ᶜʳⁱᵗ,Yes,5.79
2019,Pet,Fluoroquinolones ᶜʳⁱᵗ,All types of active ingredients,16.44
2019,Pet,Fluoroquinolones ᶜʳⁱᵗ,Yes,16.44
2019,Pet,Macrolides ᶜʳⁱᵗ,All types of active ingredients,18.58
2019,Pet,Macrolides ᶜʳⁱᵗ,Yes,18.58
2019,Pet,Penicillins,All types of active ingredients,459.63
2019,Pet,Penicillins,No,459.63
2019,Pet,Polymyxins,All types of active ingredients,0.54
2019,Pet,Polymyxins,No,0.54
2019,Pet,Tetracyclines,All types of active ingredients,4.72
2019,Pet,Tetracyclines,No,4.72
2019,Livestock,Active substance class,All types of active ingredients,29333.73
2019,Livestock,Active substance class,No,27934.13
2019,Livestock,Active substance class,Yes,1399.6
2019,Livestock,Aminoglycosides,All types of active ingredients,2456.24
2019,Livestock,Aminoglycosides,No,2456.24
2019,Livestock,Amphenicols,All types of active ingredients,528.96
2019,Livestock,Amphenicols,No,528.96
2019,Livestock,Other¹,All types of active ingredients,129.57
2019,Livestock,Other¹,No,129.57
2019,Livestock,Cephalosporins 1st/2nd generation,All types of active ingredients,77.65
2019,Livestock,Cephalosporins 1st/2nd generation,No,77.65
2019,Livestock,Cephalosporins 3rd/4th generation ᶜʳⁱᵗ,All types of active ingredients,66.66
2019,Livestock,Cephalosporins 3rd/4th generation ᶜʳⁱᵗ,Yes,66.66
2019,Livestock,Fluoroquinolones ᶜʳⁱᵗ,All types of active ingredients,168.66
2019,Livestock,Fluoroquinolones ᶜʳⁱᵗ,Yes,168.66
2019,Livestock,Macrolides ᶜʳⁱᵗ,All types of active ingredients,1164.28
2019,Livestock,Macrolides ᶜʳⁱᵗ,Yes,1164.28
2019,Livestock,Penicillins,All types of active ingredients,9325.16
2019,Livestock,Penicillins,No,9325.16
2019,Livestock,Polymyxins,All types of active ingredients,205.94
2019,Livestock,Polymyxins,No,205.94
2019,Livestock,Sulfonamides,All types of active ingredients,8406.4
2019,Livestock,Sulfonamides,No,8406.4
2019,Livestock,Tetracyclines,All types of active ingredients,6221.78
2019,Livestock,Tetracyclines,No,6221.78
2019,Livestock,Trimethoprim,All types of active ingredients,582.43
2019,Livestock,Trimethoprim,No,582.43
2020,Species,Active substance class,All types of active ingredients,28870.83
2020,Species,Active substance class,No,27562.27
2020,Species,Active substance class,Yes,1308.56
2020,Species,Aminoglycosides,All types of active ingredients,2514.54
2020,Species,Aminoglycosides,No,2514.54
2020,Species,Amphenicols,All types of active ingredients,612.24
2020,Species,Amphenicols,No,612.24
2020,Species,Other¹,All types of active ingredients,195.8
2020,Species,Other¹,No,195.8
2020,Species,Cephalosporins 1st/2nd generation,All types of active ingredients,255.31
2020,Species,Cephalosporins 1st/2nd generation,No,255.31
2020,Species,Cephalosporins 3rd/4th generation ᶜʳⁱᵗ,All types of active ingredients,58.8
2020,Species,Cephalosporins 3rd/4th generation ᶜʳⁱᵗ,Yes,58.8
2020,Species,Fluoroquinolones ᶜʳⁱᵗ,All types of active ingredients,177.91
2020,Species,Fluoroquinolones ᶜʳⁱᵗ,Yes,177.91
2020,Species,Macrolides ᶜʳⁱᵗ,All types of active ingredients,1071.85
2020,Species,Macrolides ᶜʳⁱᵗ,Yes,1071.85
2020,Species,Penicillins,All types of active ingredients,9755.04
2020,Species,Penicillins,No,9755.04
2020,Species,Polymyxins,All types of active ingredients,148.41
2020,Species,Polymyxins,No,148.41
2020,Species,Sulfonamides,All types of active ingredients,6696.51
2020,Species,Sulfonamides,No,6696.51
2020,Species,Tetracyclines,All types of active ingredients,6823.4
2020,Species,Tetracyclines,No,6823.4
2020,Species,Trimethoprim,All types of active ingredients,561.02
2020,Species,Trimethoprim,No,561.02
2020,Pet,Active substance class,All types of active ingredients,792.66
2020,Pet,Active substance class,No,756.05
2020,Pet,Active substance class,Yes,36.61
2020,Pet,Aminoglycosides,All types of active ingredients,19.53
2020,Pet,Aminoglycosides,No,19.53
2020,Pet,Amphenicols,All types of active ingredients,38.28
2020,Pet,Amphenicols,No,38.28
2020,Pet,Other¹,All types of active ingredients,77.6
2020,Pet,Other¹,No,77.6
2020,Pet,Cephalosporins 1st/2nd generation,All types of active ingredients,178
2020,Pet,Cephalosporins 1st/2nd generation,No,178
2020,Pet,Cephalosporins 3rd/4th generation ᶜʳⁱᵗ,All types of active ingredients,5.65
2020,Pet,Cephalosporins 3rd/4th generation ᶜʳⁱᵗ,Yes,5.65
2020,Pet,Fluoroquinolones ᶜʳⁱᵗ,All types of active ingredients,15.15
2020,Pet,Fluoroquinolones ᶜʳⁱᵗ,Yes,15.15
2020,Pet,Macrolides ᶜʳⁱᵗ,All types of active ingredients,15.81
2020,Pet,Macrolides ᶜʳⁱᵗ,Yes,15.81
2020,Pet,Penicillins,All types of active ingredients,437.24
2020,Pet,Penicillins,No,437.24
2020,Pet,Polymyxins,All types of active ingredients,0.44
2020,Pet,Polymyxins,No,0.44
2020,Pet,Tetracyclines,All types of active ingredients,4.96
2020,Pet,Tetracyclines,No,4.96
2020,Livestock,Active substance class,All types of active ingredients,28078.17
2020,Livestock,Active substance class,No,26806.22
2020,Livestock,Active substance class,Yes,1271.95
2020,Livestock,Aminoglycosides,All types of active ingredients,2495.01
2020,Livestock,Aminoglycosides,No,2495.01
2020,Livestock,Amphenicols,All types of active ingredients,573.96
2020,Livestock,Amphenicols,No,573.96
2020,Livestock,Other¹,All types of active ingredients,118.2
2020,Livestock,Other¹,No,118.2
2020,Livestock,Cephalosporins 1st/2nd generation,All types of active ingredients,77.31
2020,Livestock,Cephalosporins 1st/2nd generation,No,77.31
2020,Livestock,Cephalosporins 3rd/4th generation ᶜʳⁱᵗ,All types of active ingredients,53.15
2020,Livestock,Cephalosporins 3rd/4th generation ᶜʳⁱᵗ,Yes,53.15
2020,Livestock,Fluoroquinolones ᶜʳⁱᵗ,All types of active ingredients,162.76
2020,Livestock,Fluoroquinolones ᶜʳⁱᵗ,Yes,162.76
2020,Livestock,Macrolides ᶜʳⁱᵗ,All types of active ingredients,1056.04
2020,Livestock,Macrolides ᶜʳⁱᵗ,Yes,1056.04
2020,Livestock,Penicillins,All types of active ingredients,9317.8
2020,Livestock,Penicillins,No,9317.8
2020,Livestock,Polymyxins,All types of active ingredients,147.97
2020,Livestock,Polymyxins,No,147.97
2020,Livestock,Sulfonamides,All types of active ingredients,6696.51
2020,Livestock,Sulfonamides,No,6696.51
2020,Livestock,Tetracyclines,All types of active ingredients,6818.44
2020,Livestock,Tetracyclines,No,6818.44
2020,Livestock,Trimethoprim,All types of active ingredients,561.02
2020,Livestock,Trimethoprim,No,561.02
2021,Species,Active substance class,All types of active ingredients,28282.57
2021,Species,Active substance class,No,27193.56
2021,Species,Active substance class,Yes,1089.01
2021,Species,Aminoglycosides,All types of active ingredients,2498.02
2021,Species,Aminoglycosides,No,2498.02
2021,Species,Amphenicols,All types of active ingredients,686.39
2021,Species,Amphenicols,No,686.39
2021,Species,Other¹,All types of active ingredients,154.96
2021,Species,Other¹,No,154.96
2021,Species,Cephalosporins 1st/2nd generation,All types of active ingredients,246.71
2021,Species,Cephalosporins 1st/2nd generation,No,246.71
2021,Species,Cephalosporins 3rd/4th generation ᶜʳⁱᵗ,All types of active ingredients,59.41
2021,Species,Cephalosporins 3rd/4th generation ᶜʳⁱᵗ,Yes,59.41
2021,Species,Fluoroquinolones ᶜʳⁱᵗ,All types of active ingredients,186.04
2021,Species,Fluoroquinolones ᶜʳⁱᵗ,Yes,186.04
2021,Species,Macrolides ᶜʳⁱᵗ,All types of active ingredients,843.56
2021,Species,Macrolides ᶜʳⁱᵗ,Yes,843.56
2021,Species,Penicillins,All types of active ingredients,9908.26
2021,Species,Penicillins,No,9908.26
2021,Species,Polymyxins,All types of active ingredients,82.43
2021,Species,Polymyxins,No,82.43
2021,Species,Sulfonamides,All types of active ingredients,7147.73
2021,Species,Sulfonamides,No,7147.73
2021,Species,Tetracyclines,All types of active ingredients,5793
2021,Species,Tetracyclines,No,5793
2021,Species,Trimethoprim,All types of active ingredients,676.06
2021,Species,Trimethoprim,No,676.06
2021,Pet,Active substance class,All types of active ingredients,894.5
2021,Pet,Active substance class,No,854.17
2021,Pet,Active substance class,Yes,40.33
2021,Pet,Aminoglycosides,All types of active ingredients,2.26
2021,Pet,Aminoglycosides,No,2.26
2021,Pet,Amphenicols,All types of active ingredients,78.63
2021,Pet,Amphenicols,No,78.63
2021,Pet,Other¹,All types of active ingredients,128.37
2021,Pet,Other¹,No,128.37
2021,Pet,Cephalosporins 1st/2nd generation,All types of active ingredients,161.56
2021,Pet,Cephalosporins 1st/2nd generation,No,161.56
2021,Pet,Cephalosporins 3rd/4th generation ᶜʳⁱᵗ,All types of active ingredients,5.78
2021,Pet,Cephalosporins 3rd/4th generation ᶜʳⁱᵗ,Yes,5.78
2021,Pet,Fluoroquinolones ᶜʳⁱᵗ,All types of active ingredients,17.02
2021,Pet,Fluoroquinolones ᶜʳⁱᵗ,Yes,17.02
2021,Pet,Macrolides ᶜʳⁱᵗ,All types of active ingredients,17.53
2021,Pet,Macrolides ᶜʳⁱᵗ,Yes,17.53
2021,Pet,Penicillins,All types of active ingredients,477.1
2021,Pet,Penicillins,No,477.1
2021,Pet,Polymyxins,All types of active ingredients,0.45
2021,Pet,Polymyxins,No,0.45
2021,Pet,Tetracyclines,All types of active ingredients,5.8
2021,Pet,Tetracyclines,No,5.8
2021,Livestock,Active substance class,All types of active ingredients,27388.07
2021,Livestock,Active substance class,No,26339.39
2021,Livestock,Active substance class,Yes,1048.68
2021,Livestock,Aminoglycosides,All types of active ingredients,2495.76
2021,Livestock,Aminoglycosides,No,2495.76
2021,Livestock,Amphenicols,All types of active ingredients,607.76
2021,Livestock,Amphenicols,No,607.76
2021,Livestock,Other¹,All types of active ingredients,26.59
2021,Livestock,Other¹,No,26.59
2021,Livestock,Cephalosporins 1st/2nd generation,All types of active ingredients,85.15
2021,Livestock,Cephalosporins 1st/2nd generation,No,85.15
2021,Livestock,Cephalosporins 3rd/4th generation ᶜʳⁱᵗ,All types of active ingredients,53.63
2021,Livestock,Cephalosporins 3rd/4th generation ᶜʳⁱᵗ,Yes,53.63
2021,Livestock,Fluoroquinolones ᶜʳⁱᵗ,All types of active ingredients,169.02
2021,Livestock,Fluoroquinolones ᶜʳⁱᵗ,Yes,169.02
2021,Livestock,Macrolides ᶜʳⁱᵗ,All types of active ingredients,826.03
2021,Livestock,Macrolides ᶜʳⁱᵗ,Yes,826.03
2021,Livestock,Penicillins,All types of active ingredients,9431.16
2021,Livestock,Penicillins,No,9431.16
2021,Livestock,Polymyxins,All types of active ingredients,81.98
2021,Livestock,Polymyxins,No,81.98
2021,Livestock,Sulfonamides,All types of active ingredients,7147.73
2021,Livestock,Sulfonamides,No,7147.73
2021,Livestock,Tetracyclines,All types of active ingredients,5787.2
2021,Livestock,Tetracyclines,No,5787.2
2021,Livestock,Trimethoprim,All types of active ingredients,676.06
2021,Livestock,Trimethoprim,No,676.06
2022,Species,Active substance class,All types of active ingredients,24953.97
2022,Species,Active substance class,No,24207.25
2022,Species,Active substance class,Yes,746.72
2022,Species,Aminoglycosides,All types of active ingredients,2256.74
2022,Species,Aminoglycosides,No,2256.74
2022,Species,Amphenicols,All types of active ingredients,777.24
2022,Species,Amphenicols,No,777.24
2022,Species,Other¹,All types of active ingredients,153.24
2022,Species,Other¹,No,153.24
2022,Species,Cephalosporins 1st/2nd generation,All types of active ingredients,230.3
2022,Species,Cephalosporins 1st/2nd generation,No,230.3
2022,Species,Cephalosporins 3rd/4th generation ᶜʳⁱᵗ,All types of active ingredients,52.99
2022,Species,Cephalosporins 3rd/4th generation ᶜʳⁱᵗ,Yes,52.99
2022,Species,Fluoroquinolones ᶜʳⁱᵗ,All types of active ingredients,147.19
2022,Species,Fluoroquinolones ᶜʳⁱᵗ,Yes,147.19
2022,Species,Macrolides ᶜʳⁱᵗ,All types of active ingredients,546.54
2022,Species,Macrolides ᶜʳⁱᵗ,Yes,546.54
2022,Species,Penicillins,All types of active ingredients,10024.48
2022,Species,Penicillins,No,10024.48
2022,Species,Polymyxins,All types of active ingredients,44.04
2022,Species,Polymyxins,No,44.04
2022,Species,Sulfonamides,All types of active ingredients,5350.39
2022,Species,Sulfonamides,No,5350.39
2022,Species,Tetracyclines,All types of active ingredients,4860.55
2022,Species,Tetracyclines,No,4860.55
2022,Species,Trimethoprim,All types of active ingredients,510.27
2022,Species,Trimethoprim,No,510.27
2022,Pet,Active substance class,All types of active ingredients,808.97
2022,Pet,Active substance class,No,774.9
2022,Pet,Active substance class,Yes,34.07
2022,Pet,Aminoglycosides,All types of active ingredients,6.37
2022,Pet,Aminoglycosides,No,6.37
2022,Pet,Amphenicols,All types of active ingredients,49.79
2022,Pet,Amphenicols,No,49.79
2022,Pet,Other¹,All types of active ingredients,127.62
2022,Pet,Other¹,No,127.62
2022,Pet,Cephalosporins 1st/2nd generation,All types of active ingredients,143.96
2022,Pet,Cephalosporins 1st/2nd generation,No,143.96
2022,Pet,Cephalosporins 3rd/4th generation ᶜʳⁱᵗ,All types of active ingredients,5.47
2022,Pet,Cephalosporins 3rd/4th generation ᶜʳⁱᵗ,Yes,5.47
2022,Pet,Fluoroquinolones ᶜʳⁱᵗ,All types of active ingredients,13.48
2022,Pet,Fluoroquinolones ᶜʳⁱᵗ,Yes,13.48
2022,Pet,Macrolides ᶜʳⁱᵗ,All types of active ingredients,15.12
2022,Pet,Macrolides ᶜʳⁱᵗ,Yes,15.12
2022,Pet,Penicillins,All types of active ingredients,432.19
2022,Pet,Penicillins,No,432.19
2022,Pet,Polymyxins,All types of active ingredients,0.41
2022,Pet,Polymyxins,No,0.41
2022,Pet,Tetracyclines,All types of active ingredients,14.56
2022,Pet,Tetracyclines,No,14.56
2022,Livestock,Active substance class,All types of active ingredients,24145
2022,Livestock,Active substance class,No,23432.35
2022,Livestock,Active substance class,Yes,712.65
2022,Livestock,Aminoglycosides,All types of active ingredients,2250.37
2022,Livestock,Aminoglycosides,No,2250.37
2022,Livestock,Amphenicols,All types of active ingredients,727.45
2022,Livestock,Amphenicols,No,727.45
2022,Livestock,Other¹,All types of active ingredients,25.62
2022,Livestock,Other¹,No,25.62
2022,Livestock,Cephalosporins 1st/2nd generation,All types of active ingredients,86.34
2022,Livestock,Cephalosporins 1st/2nd generation,No,86.34
2022,Livestock,Cephalosporins 3rd/4th generation ᶜʳⁱᵗ,All types of active ingredients,47.52
2022,Livestock,Cephalosporins 3rd/4th generation ᶜʳⁱᵗ,Yes,47.52
2022,Livestock,Fluoroquinolones ᶜʳⁱᵗ,All types of active ingredients,133.71
2022,Livestock,Fluoroquinolones ᶜʳⁱᵗ,Yes,133.71
2022,Livestock,Macrolides ᶜʳⁱᵗ,All types of active ingredients,531.42
2022,Livestock,Macrolides ᶜʳⁱᵗ,Yes,531.42
2022,Livestock,Penicillins,All types of active ingredients,9592.29
2022,Livestock,Penicillins,No,9592.29
2022,Livestock,Polymyxins,All types of active ingredients,43.63
2022,Livestock,Polymyxins,No,43.63
2022,Livestock,Sulfonamides,All types of active ingredients,5350.39
2022,Livestock,Sulfonamides,No,5350.39
2022,Livestock,Tetracyclines,All types of active ingredients,4845.99
2022,Livestock,Tetracyclines,No,4845.99
2022,Livestock,Trimethoprim,All types of active ingredients,510.27
2022,Livestock,Trimethoprim,No,510.27
2023,Species,Active substance class,All types of active ingredients,24398.81
2023,Species,Active substance class,No,23550.31
2023,Species,Active substance class,Yes,848.5
2023,Species,Aminoglycosides,All types of active ingredients,2041.65
2023,Species,Aminoglycosides,No,2041.65
2023,Species,Amphenicols,All types of active ingredients,736.02
2023,Species,Amphenicols,No,736.02
2023,Species,Other¹,All types of active ingredients,141.45
2023,Species,Other¹,No,141.45
2023,Species,Cephalosporins 1st/2nd generation,All types of active ingredients,249.37
2023,Species,Cephalosporins 1st/2nd generation,No,249.37
2023,Species,Cephalosporins 3rd/4th generation ᶜʳⁱᵗ,All types of active ingredients,44.31
2023,Species,Cephalosporins 3rd/4th generation ᶜʳⁱᵗ,Yes,44.31
2023,Species,Fluoroquinolones ᶜʳⁱᵗ,All types of active ingredients,149.93
2023,Species,Fluoroquinolones ᶜʳⁱᵗ,Yes,149.93
2023,Species,Macrolides ᶜʳⁱᵗ,All types of active ingredients,654.26
2023,Species,Macrolides ᶜʳⁱᵗ,Yes,654.26
2023,Species,Penicillins,All types of active ingredients,9256.96
2023,Species,Penicillins,No,9256.96
2023,Species,Polymyxins,All types of active ingredients,33.47
2023,Species,Polymyxins,No,33.47
2023,Species,Sulfonamides,All types of active ingredients,5385.66
2023,Species,Sulfonamides,No,5385.66
2023,Species,Tetracyclines,All types of active ingredients,5185.22
2023,Species,Tetracyclines,No,5185.22
2023,Species,Trimethoprim,All types of active ingredients,520.51
2023,Species,Trimethoprim,No,520.51
2023,Pet,Active substance class,All types of active ingredients,725.91
2023,Pet,Active substance class,No,695.96
2023,Pet,Active substance class,Yes,29.95
2023,Pet,Aminoglycosides,All types of active ingredients,0.53
2023,Pet,Aminoglycosides,No,0.53
2023,Pet,Amphenicols,All types of active ingredients,19.67
2023,Pet,Amphenicols,No,19.67
2023,Pet,Other¹,All types of active ingredients,108.95
2023,Pet,Other¹,No,108.95
2023,Pet,Cephalosporins 1st/2nd generation,All types of active ingredients,140.49
2023,Pet,Cephalosporins 1st/2nd generation,No,140.49
2023,Pet,Cephalosporins 3rd/4th generation ᶜʳⁱᵗ,All types of active ingredients,5.44
2023,Pet,Cephalosporins 3rd/4th generation ᶜʳⁱᵗ,Yes,5.44
2023,Pet,Fluoroquinolones ᶜʳⁱᵗ,All types of active ingredients,12.06
2023,Pet,Fluoroquinolones ᶜʳⁱᵗ,Yes,12.06
2023,Pet,Macrolides ᶜʳⁱᵗ,All types of active ingredients,12.45
2023,Pet,Macrolides ᶜʳⁱᵗ,Yes,12.45
2023,Pet,Penicillins,All types of active ingredients,408.93
2023,Pet,Penicillins,No,408.93
2023,Pet,Polymyxins,All types of active ingredients,0.4
2023,Pet,Polymyxins,No,0.4
2023,Pet,Tetracyclines,All types of active ingredients,16.99
2023,Pet,Tetracyclines,No,16.99
2023,Livestock,Active substance class,All types of active ingredients,23672.9
2023,Livestock,Active substance class,No,22854.35
2023,Livestock,Active substance class,Yes,818.55
2023,Livestock,Aminoglycosides,All types of active ingredients,2041.12
2023,Livestock,Aminoglycosides,No,2041.12
2023,Livestock,Amphenicols,All types of active ingredients,716.35
2023,Livestock,Amphenicols,No,716.35
2023,Livestock,Other¹,All types of active ingredients,32.5
2023,Livestock,Other¹,No,32.5
2023,Livestock,Cephalosporins 1st/2nd generation,All types of active ingredients,108.88
2023,Livestock,Cephalosporins 1st/2nd generation,No,108.88
2023,Livestock,Cephalosporins 3rd/4th generation ᶜʳⁱᵗ,All types of active ingredients,38.87
2023,Livestock,Cephalosporins 3rd/4th generation ᶜʳⁱᵗ,Yes,38.87
2023,Livestock,Fluoroquinolones ᶜʳⁱᵗ,All types of active ingredients,137.87
2023,Livestock,Fluoroquinolones ᶜʳⁱᵗ,Yes,137.87
2023,Livestock,Macrolides ᶜʳⁱᵗ,All types of active ingredients,641.81
2023,Livestock,Macrolides ᶜʳⁱᵗ,Yes,641.81
2023,Livestock,Penicillins,All types of active ingredients,8848.03
2023,Livestock,Penicillins,No,8848.03
2023,Livestock,Polymyxins,All types of active ingredients,33.07
2023,Livestock,Polymyxins,No,33.07
2023,Livestock,Sulfonamides,All types of active ingredients,5385.66
2023,Livestock,Sulfonamides,No,5385.66
2023,Livestock,Tetracyclines,All types of active ingredients,5168.23
2023,Livestock,Tetracyclines,No,5168.23
2023,Livestock,Trimethoprim,All types of active ingredients,520.51
2023,Livestock,Trimethoprim,No,520.51
2024,Species,Active substance class,All types of active ingredients,23502.38
2024,Species,Active substance class,No,22818.81
2024,Species,Active substance class,Yes,683.57
2024,Species,Aminoglycosides,All types of active ingredients,1935.3
2024,Species,Aminoglycosides,No,1935.3
2024,Species,Amphenicols,All types of active ingredients,775.62
2024,Species,Amphenicols,No,775.62
2024,Species,Other¹,All types of active ingredients,124.13
2024,Species,Other¹,No,124.13
2024,Species,Cephalosporins 1st/2nd generation,All types of active ingredients,256.95
2024,Species,Cephalosporins 1st/2nd generation,No,256.95
2024,Species,Cephalosporins 3rd/4th generation ᶜʳⁱᵗ,All types of active ingredients,44.66
2024,Species,Cephalosporins 3rd/4th generation ᶜʳⁱᵗ,Yes,44.66
2024,Species,Fluoroquinolones ᶜʳⁱᵗ,All types of active ingredients,134.85
2024,Species,Fluoroquinolones ᶜʳⁱᵗ,Yes,134.85
2024,Species,Macrolides ᶜʳⁱᵗ,All types of active ingredients,504.06
2024,Species,Macrolides ᶜʳⁱᵗ,Yes,504.06
2024,Species,Penicillins,All types of active ingredients,8895.78
2024,Species,Penicillins,No,8895.78
2024,Species,Polymyxins,All types of active ingredients,36.43
2024,Species,Polymyxins,No,36.43
2024,Species,Sulfonamides,All types of active ingredients,5116.58
2024,Species,Sulfonamides,No,5116.58
2024,Species,Tetracyclines,All types of active ingredients,5122.93
2024,Species,Tetracyclines,No,5122.93
2024,Species,Trimethoprim,All types of active ingredients,555.09
2024,Species,Trimethoprim,No,555.09
2024,Pet,Active substance class,All types of active ingredients,674.92
2024,Pet,Active substance class,No,648.15
2024,Pet,Active substance class,Yes,26.77
2024,Pet,Aminoglycosides,All types of active ingredients,0.34
2024,Pet,Aminoglycosides,No,0.34
2024,Pet,Amphenicols,All types of active ingredients,12.8
2024,Pet,Amphenicols,No,12.8
2024,Pet,Other¹,All types of active ingredients,89.04
2024,Pet,Other¹,No,89.04
2024,Pet,Cephalosporins 1st/2nd generation,All types of active ingredients,120.41
2024,Pet,Cephalosporins 1st/2nd generation,No,120.41
2024,Pet,Cephalosporins 3rd/4th generation ᶜʳⁱᵗ,All types of active ingredients,4.94
2024,Pet,Cephalosporins 3rd/4th generation ᶜʳⁱᵗ,Yes,4.94
2024,Pet,Fluoroquinolones ᶜʳⁱᵗ,All types of active ingredients,10.96
2024,Pet,Fluoroquinolones ᶜʳⁱᵗ,Yes,10.96
2024,Pet,Macrolides ᶜʳⁱᵗ,All types of active ingredients,10.87
2024,Pet,Macrolides ᶜʳⁱᵗ,Yes,10.87
2024,Pet,Penicillins,All types of active ingredients,408.87
2024,Pet,Penicillins,No,408.87
2024,Pet,Polymyxins,All types of active ingredients,0.47
2024,Pet,Polymyxins,No,0.47
2024,Pet,Tetracyclines,All types of active ingredients,16.22
2024,Pet,Tetracyclines,No,16.22
2024,Livestock,Active substance class,All types of active ingredients,22827.46
2024,Livestock,Active substance class,No,22170.66
2024,Livestock,Active substance class,Yes,656.8
2024,Livestock,Aminoglycosides,All types of active ingredients,1934.96
2024,Livestock,Aminoglycosides,No,1934.96
2024,Livestock,Amphenicols,All types of active ingredients,762.82
2024,Livestock,Amphenicols,No,762.82
2024,Livestock,Other¹,All types of active ingredients,35.09
2024,Livestock,Other¹,No,35.09
2024,Livestock,Cephalosporins 1st/2nd generation,All types of active ingredients,136.54
2024,Livestock,Cephalosporins 1st/2nd generation,No,136.54
2024,Livestock,Cephalosporins 3rd/4th generation ᶜʳⁱᵗ,All types of active ingredients,39.72
2024,Livestock,Cephalosporins 3rd/4th generation ᶜʳⁱᵗ,Yes,39.72
2024,Livestock,Fluoroquinolones ᶜʳⁱᵗ,All types of active ingredients,123.89
2024,Livestock,Fluoroquinolones ᶜʳⁱᵗ,Yes,123.89
2024,Livestock,Macrolides ᶜʳⁱᵗ,All types of active ingredients,493.19
2024,Livestock,Macrolides ᶜʳⁱᵗ,Yes,493.19
2024,Livestock,Penicillins,All types of active ingredients,8486.91
2024,Livestock,Penicillins,No,8486.91
2024,Livestock,Polymyxins,All types of active ingredients,35.96
2024,Livestock,Polymyxins,No,35.96
2024,Livestock,Sulfonamides,All types of active ingredients,5116.58
2024,Livestock,Sulfonamides,No,5116.58
2024,Livestock,Tetracyclines,All types of active ingredients,5106.71
2024,Livestock,Tetracyclines,No,5106.71
2024,Livestock,Trimethoprim,All types of active ingredients,555.09
2024,Livestock,Trimethoprim,No,555.09
2025,Species,Active substance class,All types of active ingredients,22547.12
2025,Species,Active substance class,No,22155.44
2025,Species,Active substance class,Yes,391.68
2025,Species,Aminoglycosides,All types of active ingredients,2065.94
2025,Species,Aminoglycosides,No,2065.94
2025,Species,Amphenicols,All types of active ingredients,742.14
2025,Species,Amphenicols,No,742.14
2025,Species,Other¹,All types of active ingredients,126.24
2025,Species,Other¹,No,126.24
2025,Species,Cephalosporins 1st/2nd generation,All types of active ingredients,231.23
2025,Species,Cephalosporins 1st/2nd generation,No,231.23
2025,Species,Cephalosporins 3rd/4th generation ᶜʳⁱᵗ,All types of active ingredients,41.77
2025,Species,Cephalosporins 3rd/4th generation ᶜʳⁱᵗ,Yes,41.77
2025,Species,Fluoroquinolones ᶜʳⁱᵗ,All types of active ingredients,123
2025,Species,Fluoroquinolones ᶜʳⁱᵗ,Yes,123
2025,Species,Macrolides ᶜʳⁱᵗ,All types of active ingredients,226.91
2025,Species,Macrolides ᶜʳⁱᵗ,Yes,226.91
2025,Species,Penicillins,All types of active ingredients,9067.2
2025,Species,Penicillins,No,9067.2
2025,Species,Polymyxins,All types of active ingredients,53.71
2025,Species,Polymyxins,No,53.71
2025,Species,Sulfonamides,All types of active ingredients,4916.12
2025,Species,Sulfonamides,No,4916.12
2025,Species,Tetracyclines,All types of active ingredients,4418.88
2025,Species,Tetracyclines,No,4418.88
2025,Species,Trimethoprim,All types of active ingredients,533.98
2025,Species,Trimethoprim,No,533.98
2025,Pet,Active substance class,All types of active ingredients,666.82
2025,Pet,Active substance class,No,638.79
2025,Pet,Active substance class,Yes,28.03
2025,Pet,Aminoglycosides,All types of active ingredients,0.32
2025,Pet,Aminoglycosides,No,0.32
2025,Pet,Amphenicols,All types of active ingredients,11.23
2025,Pet,Amphenicols,No,11.23
2025,Pet,Other¹,All types of active ingredients,89.78
2025,Pet,Other¹,No,89.78
2025,Pet,Cephalosporins 1st/2nd generation,All types of active ingredients,117.51
2025,Pet,Cephalosporins 1st/2nd generation,No,117.51
2025,Pet,Cephalosporins 3rd/4th generation ᶜʳⁱᵗ,All types of active ingredients,4.6
2025,Pet,Cephalosporins 3rd/4th generation ᶜʳⁱᵗ,Yes,4.6
2025,Pet,Fluoroquinolones ᶜʳⁱᵗ,All types of active ingredients,11.09
2025,Pet,Fluoroquinolones ᶜʳⁱᵗ,Yes,11.09
2025,Pet,Macrolides ᶜʳⁱᵗ,All types of active ingredients,12.34
2025,Pet,Macrolides ᶜʳⁱᵗ,Yes,12.34
2025,Pet,Penicillins,All types of active ingredients,399.61
2025,Pet,Penicillins,No,399.61
2025,Pet,Polymyxins,All types of active ingredients,0.36
2025,Pet,Polymyxins,No,0.36
2025,Pet,Tetracyclines,All types of active ingredients,19.98
2025,Pet,Tetracyclines,No,19.98
2025,Livestock,Active substance class,All types of active ingredients,21880.3
2025,Livestock,Active substance class,No,21516.65
2025,Livestock,Active substance class,Yes,363.65
2025,Livestock,Aminoglycosides,All types of active ingredients,2065.62
2025,Livestock,Aminoglycosides,No,2065.62
2025,Livestock,Amphenicols,All types of active ingredients,730.91
2025,Livestock,Amphenicols,No,730.91
2025,Livestock,Other¹,All types of active ingredients,36.46
2025,Livestock,Other¹,No,36.46
2025,Livestock,Cephalosporins 1st/2nd generation,All types of active ingredients,113.72
2025,Livestock,Cephalosporins 1st/2nd generation,No,113.72
2025,Livestock,Cephalosporins 3rd/4th generation ᶜʳⁱᵗ,All types of active ingredients,37.17
2025,Livestock,Cephalosporins 3rd/4th generation ᶜʳⁱᵗ,Yes,37.17
2025,Livestock,Fluoroquinolones ᶜʳⁱᵗ,All types of active ingredients,111.91
2025,Livestock,Fluoroquinolones ᶜʳⁱᵗ,Yes,111.91
2025,Livestock,Macrolides ᶜʳⁱᵗ,All types of active ingredients,214.57
2025,Livestock,Macrolides ᶜʳⁱᵗ,Yes,214.57
2025,Livestock,Penicillins,All types of active ingredients,8667.59
2025,Livestock,Penicillins,No,8667.59
2025,Livestock,Polymyxins,All types of active ingredients,53.35
2025,Livestock,Polymyxins,No,53.35
2025,Livestock,Sulfonamides,All types of active ingredients,4916.12
2025,Livestock,Sulfonamides,No,4916.12
2025,Livestock,Tetracyclines,All types of active ingredients,4398.9
2025,Livestock,Tetracyclines,No,4398.9
2025,Livestock,Trimethoprim,All types of active ingredients,533.98
2025,Livestock,Trimethoprim,No,533.98