gefahr_id,Changement climatique,Innovations technologiques et progrès scientifiques,Économie circulaire,Nouveaux aliments et systèmes de production alimentaire,Comportement des consommateurs et tendances de consommation,Évolution microbienne et antibiorésistance,Ecologie,Politique
9,0,0,0,0,0,1,0,0
23,0,0,0,0,0,0,1,0
26,1,0,0,0,0,0,0,0
35,1,0,0,0,0,0,0,0
42,0,0,0,0,0,0,1,0
55,0,0,0,0,0,0,1,0
86,1,1,0,0,0,0,0,1
87,0,0,0,0,0,1,0,0
88,0,0,0,0,0,1,0,0
93,1,0,0,0,0,0,0,0
111,0,0,0,0,2,0,0,0
121,1,0,0,0,0,0,0,0
125,0,0,1,0,0,0,0,0
126,0,0,0,0,1,0,1,0
127,0,0,1,0,0,0,0,0
241,0,0,0,1,0,0,0,0
256,0,0,0,0,0,0,1,0
379,0,0,0,0,1,0,0,0
518,0,0,1,0,0,0,0,0
605,0,0,0,1,2,0,0,0
610,0,0,0,0,0,0,1,0
