gefahr_id,Climate change,Technological innovations and scientific advances,Circular economy,New foods and food production systems,Consumer behaviour and consumption trends,Microbial evolution and antibiotic resistance,Ecology
2,0,0,0,0,0,1,0
9,0,0,0,0,0,1,0
19,0,0,0,0,0,1,0
26,1,1,0,0,0,0,0
35,1,0,0,0,0,0,0
42,0,0,0,0,0,0,1
55,0,0,0,0,0,0,1
61,0,0,0,0,1,0,0
86,1,1,0,0,0,0,0
87,0,0,0,0,0,1,0
88,0,0,0,0,0,1,0
93,1,0,0,0,0,0,0
119,0,1,0,0,0,0,0
121,1,0,0,0,0,0,0
125,0,0,1,0,0,0,0
126,0,0,1,0,0,0,1
127,0,0,1,0,0,0,0
209,0,0,0,1,1,0,0
241,0,0,0,1,0,0,0
244,0,0,0,0,0,1,0
352,0,0,0,0,1,0,0
503,1,0,0,0,0,0,0
518,0,0,1,0,0,0,0
605,0,0,0,0,1,0,0
610,0,0,0,0,0,0,1
611,0,0,0,0,0,0,1
